"id","section_number","year_level","department_id","branch","capacity","semester_id","available"
"5","1101","1","1","Main","50","1","50"
"6","1102","1","1","Main","50","1","50"
"7","1103","1","1","Main","50","1","50"
"10","1201","1","1","Main","50","2","50"
"11","1202","1","1","Main","50","2","50"
"12","1203","1","1","Main","50","2","50"
"13","1204","1","1","Main","50","2","50"
"14","1205","1","1","Main","50","2","50"
"15","1206","1","1","Main","50","2","50"
"16","1207","1","1","Main","50","2","50"
"17","1208","1","1","Main","50","2","50"
"18","1209","1","1","Main","50","2","50"
"19","1210","1","1","Main","50","2","50"
"20","1211","1","1","Main","50","2","50"
"21","1212","1","1","Main","50","2","50"
"22","1213","1","1","Main","50","2","50"
"23","1214","1","1","Main","50","2","50"
"24","1215","1","1","Main","50","2","50"
"25","1216","1","1","Main","50","2","50"
"26","1217","1","1","Main","50","2","50"
"27","1218","1","1","Main","50","2","50"
"28","1219","1","1","Main","50","2","50"
"29","1220","1","1","Main","50","2","50"
"30","2201","2","1","Main","50","2","50"
"31","2202","2","1","Main","50","2","50"
"32","2203","2","1","Main","50","2","50"
"33","2204","2","1","Main","50","2","50"
"34","2205","2","1","Main","50","2","50"
"35","2206","2","1","Main","50","2","50"
"36","2207","2","1","Main","50","2","50"
"37","2208","2","1","Main","50","2","50"
"38","2209","2","1","Main","50","2","50"
"39","2210","2","1","Main","50","2","50"
"40","2211","2","1","Main","50","2","50"
"42","2212","2","1","Main","50","2","50"
"43","2213","2","1","Main","50","2","50"
"44","2214","2","1","Main","50","2","50"
"45","2215","2","1","Main","50","2","50"
"46","2216","2","1","Main","50","2","50"
"47","2217","2","1","Main","50","2","50"
"48","2218","2","1","Main","50","2","50"
"49","2219","2","1","Main","50","2","50"
"50","2220","2","1","Main","50","2","50"
"51","3201","3","1","Main","50","2","50"
"52","3202","3","1","Main","50","2","50"
"53","3203","3","1","Main","50","2","50"
"55","3204","3","1","Main","50","2","50"
"56","3205","3","1","Main","50","2","50"
"57","3206","3","1","Main","50","2","50"
"58","3207","3","1","Main","50","2","50"
"59","3208","3","1","Main","50","2","50"
"60","3209","3","1","Main","50","2","50"
"61","3210","3","1","Main","50","2","50"
"62","3211","3","1","Main","50","2","50"
"63","3212","3","1","Main","50","2","50"
"64","3213","3","1","Main","50","2","50"
"65","3214","3","1","Main","50","2","50"
"66","3215","3","1","Main","50","2","50"
"67","3216","3","1","Main","50","2","50"
"68","3217","3","1","Main","50","2","50"
"69","3218","3","1","Main","50","2","50"
"70","3219","3","1","Main","50","2","50"
"71","3220","3","1","Main","50","2","50"
"72","4201","4","1","Main","50","2","50"
"73","4202","4","1","Main","50","2","50"
"74","4203","4","1","Main","50","2","50"
"75","4204","4","1","Main","50","2","50"
"76","4205","4","1","Main","50","2","50"
"77","4206","4","1","Main","50","2","50"
"78","4207","4","1","Main","50","2","50"
"79","4208","4","1","Main","50","2","50"
"80","4209","4","1","Main","50","2","50"
"81","4210","4","1","Main","50","2","50"
"82","4211","4","1","Main","50","2","50"
"83","4212","4","1","Main","50","2","50"
"84","4213","4","1","Main","50","2","50"
"85","4214","4","1","Main","50","2","50"
"86","4215","4","1","Main","50","2","50"
"87","4216","4","1","Main","50","2","50"
"88","4217","4","1","Main","50","2","50"
"89","4218","4","1","Main","50","2","50"
"90","4219","4","1","Main","50","2","50"
"91","4220","4","1","Main","50","2","50"
"93","1104","1","1","Main","50","1","50"
"94","1105","1","1","Main","50","1","50"
"95","1106","1","1","Main","50","1","50"
"96","1107","1","1","Main","50","1","50"
"97","1108","1","1","Main","50","1","50"
"98","1109","1","1","Main","50","1","50"
"99","1110","1","1","Main","50","1","50"
"100","1111","1","1","Main","50","1","50"
"101","1112","1","1","Main","50","1","50"
"102","1113","1","1","Main","50","1","50"
"103","1114","1","1","Main","50","1","50"
"104","1115","1","1","Main","50","1","50"
"105","1116","1","1","Main","50","1","50"
"106","1117","1","1","Main","50","1","50"
"107","1118","1","1","Main","50","1","50"
"108","1119","1","1","Main","50","1","50"
"109","1120","1","1","Main","50","1","50"
"112","2101","2","1","Main","50","1","50"
"113","2102","2","1","Main","50","1","50"
"114","2103","2","1","Main","50","1","50"
"115","2104","2","1","Main","50","1","50"
"116","2105","2","1","Main","50","1","50"
"117","2106","2","1","Main","50","1","50"
"118","2107","2","1","Main","50","1","50"
"119","2108","2","1","Main","50","1","50"
"120","2109","2","1","Main","50","1","50"
"121","2110","2","1","Main","50","1","50"
"122","2111","2","1","Main","50","1","50"
"123","2112","2","1","Main","50","1","50"
"124","2113","2","1","Main","50","1","50"
"125","2114","2","1","Main","50","1","50"
"126","2115","2","1","Main","50","1","50"
"127","2116","2","1","Main","50","1","50"
"128","2117","2","1","Main","50","1","50"
"129","2118","2","1","Main","50","1","50"
"130","2119","2","1","Main","50","1","50"
"131","2120","2","1","Main","50","1","50"
"132","3101","3","1","Main","50","1","50"
"133","3102","3","1","Main","50","1","50"
"134","3103","3","1","Main","50","1","50"
"135","3104","3","1","Main","50","1","50"
"136","3105","3","1","Main","50","1","50"
"137","3106","3","1","Main","50","1","50"
"138","3107","3","1","Main","50","1","50"
"139","3108","3","1","Main","50","1","50"
"140","3109","3","1","Main","50","1","50"
"141","3110","3","1","Main","50","1","50"
"142","3111","3","1","Main","50","1","50"
"143","3112","3","1","Main","50","1","50"
"144","3113","3","1","Main","50","1","50"
"145","3114","3","1","Main","50","1","50"
"146","3115","3","1","Main","50","1","50"
"147","3116","3","1","Main","50","1","50"
"148","3117","3","1","Main","50","1","50"
"149","3118","3","1","Main","50","1","50"
"150","3119","3","1","Main","50","1","50"
"151","3120","3","1","Main","50","1","50"
"152","4101","4","1","Main","50","1","50"
"153","4102","4","1","Main","50","1","50"
"154","4103","3","1","Main","50","1","50"
"155","4104","4","1","Main","50","1","50"
"156","4105","4","1","Main","50","1","50"
"157","4106","4","1","Main","50","1","50"
"158","4107","4","1","Main","50","1","50"
"159","4108","4","1","Main","50","1","50"
"160","4109","4","1","Main","50","1","50"
"161","4110","4","1","Main","50","1","50"
"162","4111","4","1","Main","50","1","50"
"163","4112","4","1","Main","50","1","50"
"164","4113","4","1","Main","50","1","50"
"165","4114","4","1","Main","50","1","50"
"166","4115","4","1","Main","50","1","50"
"167","4116","4","1","Main","50","1","50"
"168","4117","4","1","Main","50","1","50"
"169","4118","4","1","Main","50","1","50"
"170","4119","4","1","Main","50","1","50"
"171","4120","4","1","Main","50","1","50"
"172","1101","1","2","Main","50","1","50"
"173","1102","1","2","Main","50","1","50"
"174","1103","1","2","Main","50","1","50"
"175","1104","1","2","Main","50","1","50"
"176","1105","1","2","Main","50","1","50"
"177","1106","1","2","Main","50","1","50"
"178","1107","1","2","Main","50","1","50"
"179","1108","1","2","Main","50","1","50"
"180","1109","1","2","Main","50","1","50"
"181","1110","1","2","Main","50","1","50"
"182","1111","1","2","Main","50","1","50"
"183","1112","1","2","Main","50","1","50"
"184","1113","1","2","Main","50","1","50"
"185","1114","1","2","Main","50","1","50"
"186","1115","1","2","Main","50","1","50"
"187","1116","1","2","Main","50","1","50"
"188","1117","1","2","Main","50","1","50"
"189","1118","1","2","Main","50","1","50"
"190","1119","1","2","Main","50","1","50"
"191","1120","1","2","Main","50","1","50"
"192","1101","1","3","Main","50","1","50"
"193","1102","1","3","Main","50","1","50"
"194","1103","1","3","Main","50","1","50"
"195","1104","1","3","Main","50","1","50"
"196","1105","1","3","Main","50","1","50"
"197","1106","1","3","Main","50","1","50"
"198","1107","1","3","Main","50","1","50"
"199","1108","1","3","Main","50","1","50"
"200","1109","1","3","Main","50","1","50"
"201","1110","1","3","Main","50","1","50"
"202","1111","1","3","Main","50","1","50"
"203","1112","1","3","Main","50","1","50"
"204","1113","1","3","Main","50","1","50"
"205","1114","1","3","Main","50","1","50"
"206","1115","1","3","Main","50","1","50"
"207","1116","1","3","Main","50","1","50"
"208","1117","1","3","Main","50","1","50"
"209","1118","1","3","Main","50","1","50"
"210","1119","1","3","Main","50","1","50"
"211","1120","1","3","Main","50","1","50"
"212","1101","1","4","Main","50","1","50"
"213","1102","1","4","Main","50","1","50"
"214","1103","1","4","Main","50","1","50"
"215","1104","1","4","Main","50","1","50"
"216","1105","1","4","Main","50","1","50"
"217","1106","1","4","Main","50","1","50"
"218","1107","1","4","Main","50","1","50"
"219","1108","1","4","Main","50","1","50"
"220","1109","1","4","Main","50","1","50"
"221","1110","1","4","Main","50","1","50"
"222","1111","1","4","Main","50","1","50"
"223","1112","1","4","Main","50","1","50"
"224","1113","1","4","Main","50","1","50"
"225","1114","1","4","Main","50","1","50"
"226","1115","1","4","Main","50","1","50"
"227","1116","1","4","Main","50","1","50"
"228","1117","1","4","Main","50","1","50"
"229","1118","1","4","Main","50","1","50"
"230","1119","1","4","Main","50","1","50"
"231","1120","1","4","Main","50","1","50"
"232","1101","1","5","Main","50","1","50"
"233","1102","1","5","Main","50","1","50"
"234","1103","1","5","Main","50","1","50"
"235","1104","1","5","Main","50","1","50"
"236","1105","1","5","Main","50","1","50"
"237","1106","1","5","Main","50","1","50"
"238","1107","1","5","Main","50","1","50"
"239","1108","1","5","Main","50","1","50"
"240","1109","1","5","Main","50","1","50"
"241","1110","1","5","Main","50","1","50"
"242","1111","1","5","Main","50","1","50"
"243","1112","1","5","Main","50","1","50"
"244","1113","1","5","Main","50","1","50"
"245","1114","1","5","Main","50","1","50"
"246","1115","1","5","Main","50","1","50"
"247","1116","1","5","Main","50","1","50"
"248","1117","1","5","Main","50","1","50"
"249","1118","1","5","Main","50","1","50"
"250","1119","1","5","Main","50","1","50"
"251","1120","1","5","Main","50","1","50"
"252","1101","1","6","Main","50","1","50"
"253","1102","1","6","Main","50","1","50"
"254","1103","1","6","Main","50","1","50"
"255","1104","1","6","Main","50","1","50"
"256","1105","1","6","Main","50","1","50"
"257","1106","1","6","Main","50","1","50"
"258","1107","1","6","Main","50","1","50"
"259","1108","1","6","Main","50","1","50"
"260","1109","1","6","Main","50","1","50"
"261","1110","1","6","Main","50","1","50"
"262","1111","1","6","Main","50","1","50"
"263","1112","1","6","Main","50","1","50"
"264","1113","1","6","Main","50","1","50"
"265","1114","1","6","Main","50","1","50"
"266","1115","1","6","Main","50","1","50"
"267","1116","1","6","Main","50","1","50"
"268","1117","1","6","Main","50","1","50"
"269","1118","1","6","Main","50","1","50"
"270","1119","1","6","Main","50","1","50"
"271","1120","1","6","Main","50","1","50"
"272","1101","1","7","Main","50","1","50"
"273","1102","1","7","Main","50","1","50"
"274","1103","1","7","Main","50","1","50"
"275","1104","1","7","Main","50","1","50"
"276","1105","1","7","Main","50","1","50"
"277","1106","1","7","Main","50","1","50"
"278","1107","1","7","Main","50","1","50"
"279","1108","1","7","Main","50","1","50"
"280","1109","1","7","Main","50","1","50"
"281","1110","1","7","Main","50","1","50"
"282","1111","1","7","Main","50","1","50"
"283","1112","1","7","Main","50","1","50"
"284","1113","1","7","Main","50","1","50"
"285","1114","1","7","Main","50","1","50"
"286","1115","1","7","Main","50","1","50"
"287","1116","1","7","Main","50","1","50"
"288","1117","1","7","Main","50","1","50"
"289","1118","1","7","Main","50","1","50"
"290","1119","1","7","Main","50","1","50"
"291","1120","1","7","Main","50","1","50"
"292","1101","1","8","Main","50","1","50"
"293","1102","1","8","Main","50","1","50"
"294","1103","1","8","Main","50","1","50"
"295","1104","1","8","Main","50","1","50"
"296","1105","1","8","Main","50","1","50"
"297","1106","1","8","Main","50","1","50"
"298","1107","1","8","Main","50","1","50"
"299","1108","1","8","Main","50","1","50"
"300","1109","1","8","Main","50","1","50"
"301","1110","1","8","Main","50","1","50"
"302","1111","1","8","Main","50","1","50"
"303","1112","1","8","Main","50","1","50"
"304","1113","1","8","Main","50","1","50"
"305","1114","1","8","Main","50","1","50"
"306","1115","1","8","Main","50","1","50"
"307","1116","1","8","Main","50","1","50"
"308","1117","1","8","Main","50","1","50"
"309","1118","1","8","Main","50","1","50"
"310","1119","1","8","Main","50","1","50"
"311","1120","1","8","Main","50","1","50"
"312","1101","1","9","Main","50","1","50"
"313","1102","1","9","Main","50","1","50"
"314","1103","1","9","Main","50","1","50"
"315","1104","1","9","Main","50","1","50"
"316","1105","1","9","Main","50","1","50"
"317","1106","1","9","Main","50","1","50"
"318","1107","1","9","Main","50","1","50"
"319","1108","1","9","Main","50","1","50"
"320","1109","1","9","Main","50","1","50"
"321","1110","1","9","Main","50","1","50"
"322","1111","1","9","Main","50","1","50"
"323","1112","1","9","Main","50","1","50"
"324","1113","1","9","Main","50","1","50"
"325","1114","1","9","Main","50","1","50"
"326","1115","1","9","Main","50","1","50"
"327","1116","1","9","Main","50","1","50"
"328","1117","1","9","Main","50","1","50"
"329","1118","1","9","Main","50","1","50"
"330","1119","1","9","Main","50","1","50"
"331","1120","1","9","Main","50","1","50"
"332","1101","1","10","Main","50","1","50"
"333","1102","1","10","Main","50","1","50"
"334","1103","1","10","Main","50","1","50"
"335","1104","1","10","Main","50","1","50"
"336","1105","1","10","Main","50","1","50"
"337","1106","1","10","Main","50","1","50"
"338","1107","1","10","Main","50","1","50"
"339","1108","1","10","Main","50","1","50"
"340","1109","1","10","Main","50","1","50"
"341","1110","1","10","Main","50","1","50"
"342","1111","1","10","Main","50","1","50"
"343","1112","1","10","Main","50","1","50"
"344","1113","1","10","Main","50","1","50"
"345","1114","1","10","Main","50","1","50"
"346","1115","1","10","Main","50","1","50"
"347","1116","1","10","Main","50","1","50"
"348","1117","1","10","Main","50","1","50"
"349","1118","1","10","Main","50","1","50"
"350","1119","1","10","Main","50","1","50"
"351","1120","1","10","Main","50","1","50"
"352","1101","1","11","Main","50","1","50"
"353","1102","1","11","Main","50","1","50"
"354","1103","1","11","Main","50","1","50"
"355","1104","1","11","Main","50","1","50"
"356","1105","1","11","Main","50","1","50"
"357","1106","1","11","Main","50","1","50"
"358","1107","1","11","Main","50","1","50"
"359","1108","1","11","Main","50","1","50"
"360","1109","1","11","Main","50","1","50"
"361","1110","1","11","Main","50","1","50"
"362","1111","1","11","Main","50","1","50"
"363","1112","1","11","Main","50","1","50"
"364","1113","1","11","Main","50","1","50"
"365","1114","1","11","Main","50","1","50"
"366","1115","1","11","Main","50","1","50"
"367","1116","1","11","Main","50","1","50"
"368","1117","1","11","Main","50","1","50"
"369","1118","1","11","Main","50","1","50"
"370","1119","1","11","Main","50","1","50"
"371","1120","1","11","Main","50","1","50"
"372","1101","1","12","Main","50","1","50"
"373","1102","1","12","Main","50","1","50"
"374","1103","1","12","Main","50","1","50"
"375","1104","1","12","Main","50","1","50"
"376","1105","1","12","Main","50","1","50"
"377","1106","1","12","Main","50","1","50"
"378","1107","1","12","Main","50","1","50"
"379","1108","1","12","Main","50","1","50"
"380","1109","1","12","Main","50","1","50"
"381","1110","1","12","Main","50","1","50"
"382","1111","1","12","Main","50","1","50"
"383","1112","1","12","Main","50","1","50"
"384","1113","1","12","Main","50","1","50"
"385","1114","1","12","Main","50","1","50"
"386","1115","1","12","Main","50","1","50"
"387","1116","1","12","Main","50","1","50"
"388","1117","1","12","Main","50","1","50"
"389","1118","1","12","Main","50","1","50"
"390","1119","1","12","Main","50","1","50"
"391","1120","1","12","Main","50","1","50"
"392","2101","2","2","Main","50","1","50"
"393","2102","2","2","Main","50","1","50"
"394","2103","2","2","Main","50","1","50"
"395","2104","2","2","Main","50","1","50"
"396","2105","2","2","Main","50","1","50"
"397","2106","2","2","Main","50","1","50"
"398","2107","2","2","Main","50","1","50"
"399","2108","2","2","Main","50","1","50"
"400","2109","2","2","Main","50","1","50"
"401","2110","2","2","Main","50","1","50"
"402","2111","2","2","Main","50","1","50"
"403","2112","2","2","Main","50","1","50"
"404","2113","2","2","Main","50","1","50"
"405","2114","2","2","Main","50","1","50"
"406","2115","2","2","Main","50","1","50"
"407","2116","2","2","Main","50","1","50"
"408","2117","2","2","Main","50","1","50"
"409","2118","2","2","Main","50","1","50"
"410","2119","2","2","Main","50","1","50"
"411","2120","2","2","Main","50","1","50"
"412","2101","2","3","Main","50","1","50"
"413","2102","2","3","Main","50","1","50"
"414","2103","2","3","Main","50","1","50"
"415","2104","2","3","Main","50","1","50"
"416","2105","2","3","Main","50","1","50"
"417","2106","2","3","Main","50","1","50"
"418","2107","2","3","Main","50","1","50"
"419","2108","2","3","Main","50","1","50"
"420","2109","2","3","Main","50","1","50"
"421","2110","2","3","Main","50","1","50"
"422","2111","2","3","Main","50","1","50"
"423","2112","2","3","Main","50","1","50"
"424","2113","2","3","Main","50","1","50"
"425","2114","2","3","Main","50","1","50"
"426","2115","2","3","Main","50","1","50"
"427","2116","2","3","Main","50","1","50"
"428","2117","2","3","Main","50","1","50"
"429","2118","2","3","Main","50","1","50"
"430","2119","2","3","Main","50","1","50"
"431","2120","2","3","Main","50","1","50"
"432","2101","2","4","Main","50","1","50"
"433","2102","2","4","Main","50","1","50"
"434","2103","2","4","Main","50","1","50"
"435","2104","2","4","Main","50","1","50"
"436","2105","2","4","Main","50","1","50"
"437","2106","2","4","Main","50","1","50"
"438","2107","2","4","Main","50","1","50"
"439","2108","2","4","Main","50","1","50"
"440","2109","2","4","Main","50","1","50"
"441","2110","2","4","Main","50","1","50"
"442","2111","2","4","Main","50","1","50"
"443","2112","2","4","Main","50","1","50"
"444","2113","2","4","Main","50","1","50"
"445","2114","2","4","Main","50","1","50"
"446","2115","2","4","Main","50","1","50"
"447","2116","2","4","Main","50","1","50"
"448","2117","2","4","Main","50","1","50"
"449","2118","2","4","Main","50","1","50"
"450","2119","2","4","Main","50","1","50"
"451","2120","2","4","Main","50","1","50"
"452","2101","2","5","Main","50","1","50"
"453","2102","2","5","Main","50","1","50"
"454","2103","2","5","Main","50","1","50"
"455","2104","2","5","Main","50","1","50"
"456","2105","2","5","Main","50","1","50"
"457","2106","2","5","Main","50","1","50"
"458","2107","2","5","Main","50","1","50"
"459","2108","2","5","Main","50","1","50"
"460","2109","2","5","Main","50","1","50"
"461","2110","2","5","Main","50","1","50"
"462","2111","2","5","Main","50","1","50"
"463","2112","2","5","Main","50","1","50"
"464","2113","2","5","Main","50","1","50"
"465","2114","2","5","Main","50","1","50"
"466","2115","2","5","Main","50","1","50"
"467","2116","2","5","Main","50","1","50"
"468","2117","2","5","Main","50","1","50"
"469","2118","2","5","Main","50","1","50"
"470","2119","2","5","Main","50","1","50"
"471","2120","2","5","Main","50","1","50"
"472","2101","2","6","Main","50","1","50"
"473","2102","2","6","Main","50","1","50"
"474","2103","2","6","Main","50","1","50"
"475","2104","2","6","Main","50","1","50"
"476","2105","2","6","Main","50","1","50"
"477","2106","2","6","Main","50","1","50"
"478","2107","2","6","Main","50","1","50"
"479","2108","2","6","Main","50","1","50"
"480","2109","2","6","Main","50","1","50"
"481","2110","2","6","Main","50","1","50"
"482","2111","2","6","Main","50","1","50"
"483","2112","2","6","Main","50","1","50"
"484","2113","2","6","Main","50","1","50"
"485","2114","2","6","Main","50","1","50"
"486","2115","2","6","Main","50","1","50"
"487","2116","2","6","Main","50","1","50"
"488","2117","2","6","Main","50","1","50"
"489","2118","2","6","Main","50","1","50"
"490","2119","2","6","Main","50","1","50"
"491","2120","2","6","Main","50","1","50"
"492","2101","2","7","Main","50","1","50"
"493","2102","2","7","Main","50","1","50"
"494","2103","2","7","Main","50","1","50"
"495","2104","2","7","Main","50","1","50"
"496","2105","2","7","Main","50","1","50"
"497","2106","2","7","Main","50","1","50"
"498","2107","2","7","Main","50","1","50"
"499","2108","2","7","Main","50","1","50"
"500","2109","2","7","Main","50","1","50"
"501","2110","2","7","Main","50","1","50"
"502","2111","2","7","Main","50","1","50"
"503","2112","2","7","Main","50","1","50"
"504","2113","2","7","Main","50","1","50"
"505","2114","2","7","Main","50","1","50"
"506","2115","2","7","Main","50","1","50"
"507","2116","2","7","Main","50","1","50"
"508","2117","2","7","Main","50","1","50"
"509","2118","2","7","Main","50","1","50"
"510","2119","2","7","Main","50","1","50"
"511","2120","2","7","Main","50","1","50"
"512","2101","2","8","Main","50","1","50"
"513","2102","2","8","Main","50","1","50"
"514","2103","2","8","Main","50","1","50"
"515","2104","2","8","Main","50","1","50"
"516","2105","2","8","Main","50","1","50"
"517","2106","2","8","Main","50","1","50"
"518","2107","2","8","Main","50","1","50"
"519","2108","2","8","Main","50","1","50"
"520","2109","2","8","Main","50","1","50"
"521","2110","2","8","Main","50","1","50"
"522","2111","2","8","Main","50","1","50"
"523","2112","2","8","Main","50","1","50"
"524","2113","2","8","Main","50","1","50"
"525","2114","2","8","Main","50","1","50"
"526","2115","2","8","Main","50","1","50"
"527","2116","2","8","Main","50","1","50"
"528","2117","2","8","Main","50","1","50"
"529","2118","2","8","Main","50","1","50"
"530","2119","2","8","Main","50","1","50"
"531","2120","2","8","Main","50","1","50"
"532","2101","2","9","Main","50","1","50"
"533","2102","2","9","Main","50","1","50"
"534","2103","2","9","Main","50","1","50"
"535","2104","2","9","Main","50","1","50"
"536","2105","2","9","Main","50","1","50"
"537","2106","2","9","Main","50","1","50"
"538","2107","2","9","Main","50","1","50"
"539","2108","2","9","Main","50","1","50"
"540","2109","2","9","Main","50","1","50"
"541","2110","2","9","Main","50","1","50"
"542","2111","2","9","Main","50","1","50"
"543","2112","2","9","Main","50","1","50"
"544","2113","2","9","Main","50","1","50"
"545","2114","2","9","Main","50","1","50"
"546","2115","2","9","Main","50","1","50"
"547","2116","2","9","Main","50","1","50"
"548","2117","2","9","Main","50","1","50"
"549","2118","2","9","Main","50","1","50"
"550","2119","2","9","Main","50","1","50"
"551","2120","2","9","Main","50","1","50"
"552","2101","2","10","Main","50","1","50"
"553","2102","2","10","Main","50","1","50"
"554","2103","2","10","Main","50","1","50"
"555","2104","2","10","Main","50","1","50"
"556","2105","2","10","Main","50","1","50"
"557","2106","2","10","Main","50","1","50"
"558","2107","2","10","Main","50","1","50"
"559","2108","2","10","Main","50","1","50"
"560","2109","2","10","Main","50","1","50"
"561","2110","2","10","Main","50","1","50"
"562","2111","2","10","Main","50","1","50"
"563","2112","2","10","Main","50","1","50"
"564","2113","2","10","Main","50","1","50"
"565","2114","2","10","Main","50","1","50"
"566","2115","2","10","Main","50","1","50"
"567","2116","2","10","Main","50","1","50"
"568","2117","2","10","Main","50","1","50"
"569","2118","2","10","Main","50","1","50"
"570","2119","2","10","Main","50","1","50"
"571","2120","2","10","Main","50","1","50"
"572","2101","2","11","Main","50","1","50"
"573","2102","2","11","Main","50","1","50"
"574","2103","2","11","Main","50","1","50"
"575","2104","2","11","Main","50","1","50"
"576","2105","2","11","Main","50","1","50"
"577","2106","2","11","Main","50","1","50"
"578","2107","2","11","Main","50","1","50"
"579","2108","2","11","Main","50","1","50"
"580","2109","2","11","Main","50","1","50"
"581","2110","2","11","Main","50","1","50"
"582","2111","2","11","Main","50","1","50"
"583","2112","2","11","Main","50","1","50"
"584","2113","2","11","Main","50","1","50"
"585","2114","2","11","Main","50","1","50"
"586","2115","2","11","Main","50","1","50"
"587","2116","2","11","Main","50","1","50"
"588","2117","2","11","Main","50","1","50"
"589","2118","2","11","Main","50","1","50"
"590","2119","2","11","Main","50","1","50"
"591","2120","2","11","Main","50","1","50"
"592","2101","2","12","Main","50","1","50"
"593","2102","2","12","Main","50","1","50"
"594","2103","2","12","Main","50","1","50"
"595","2104","2","12","Main","50","1","50"
"596","2105","2","12","Main","50","1","50"
"597","2106","2","12","Main","50","1","50"
"598","2107","2","12","Main","50","1","50"
"599","2108","2","12","Main","50","1","50"
"600","2109","2","12","Main","50","1","50"
"601","2110","2","12","Main","50","1","50"
"602","2111","2","12","Main","50","1","50"
"603","2112","2","12","Main","50","1","50"
"604","2113","2","12","Main","50","1","50"
"605","2114","2","12","Main","50","1","50"
"606","2115","2","12","Main","50","1","50"
"607","2116","2","12","Main","50","1","50"
"608","2117","2","12","Main","50","1","50"
"609","2118","2","12","Main","50","1","50"
"610","2119","2","12","Main","50","1","50"
"611","2120","2","12","Main","50","1","50"
"612","3101","3","2","Main","50","1","50"
"613","3102","3","2","Main","50","1","50"
"614","3103","3","2","Main","50","1","50"
"615","3104","3","2","Main","50","1","50"
"616","3105","3","2","Main","50","1","50"
"617","3106","3","2","Main","50","1","50"
"618","3107","3","2","Main","50","1","50"
"619","3108","3","2","Main","50","1","50"
"620","3109","3","2","Main","50","1","50"
"621","3110","3","2","Main","50","1","50"
"622","3111","3","2","Main","50","1","50"
"623","3112","3","2","Main","50","1","50"
"624","3113","3","2","Main","50","1","50"
"625","3114","3","2","Main","50","1","50"
"626","3115","3","2","Main","50","1","50"
"627","3116","3","2","Main","50","1","50"
"628","3117","3","2","Main","50","1","50"
"629","3118","3","2","Main","50","1","50"
"630","3119","3","2","Main","50","1","50"
"631","3120","3","2","Main","50","1","50"
"632","3101","3","3","Main","50","1","50"
"633","3102","3","3","Main","50","1","50"
"634","3103","3","3","Main","50","1","50"
"635","3104","3","3","Main","50","1","50"
"636","3105","3","3","Main","50","1","50"
"637","3106","3","3","Main","50","1","50"
"638","3107","3","3","Main","50","1","50"
"639","3108","3","3","Main","50","1","50"
"640","3109","3","3","Main","50","1","50"
"641","3110","3","3","Main","50","1","50"
"642","3111","3","3","Main","50","1","50"
"643","3112","3","3","Main","50","1","50"
"644","3113","3","3","Main","50","1","50"
"645","3114","3","3","Main","50","1","50"
"646","3115","3","3","Main","50","1","50"
"647","3116","3","3","Main","50","1","50"
"648","3117","3","3","Main","50","1","50"
"649","3118","3","3","Main","50","1","50"
"650","3119","3","3","Main","50","1","50"
"651","3120","3","3","Main","50","1","50"
"652","3101","3","4","Main","50","1","50"
"653","3102","3","4","Main","50","1","50"
"654","3103","3","4","Main","50","1","50"
"655","3104","3","4","Main","50","1","50"
"656","3105","3","4","Main","50","1","50"
"657","3106","3","4","Main","50","1","50"
"658","3107","3","4","Main","50","1","50"
"659","3108","3","4","Main","50","1","50"
"660","3109","3","4","Main","50","1","50"
"661","3110","3","4","Main","50","1","50"
"662","3111","3","4","Main","50","1","50"
"663","3112","3","4","Main","50","1","50"
"664","3113","3","4","Main","50","1","50"
"665","3114","3","4","Main","50","1","50"
"666","3115","3","4","Main","50","1","50"
"667","3116","3","4","Main","50","1","50"
"668","3117","3","4","Main","50","1","50"
"669","3118","3","4","Main","50","1","50"
"670","3119","3","4","Main","50","1","50"
"671","3120","3","4","Main","50","1","50"
"672","3101","3","5","Main","50","1","50"
"673","3102","3","5","Main","50","1","50"
"674","3103","3","5","Main","50","1","50"
"675","3104","3","5","Main","50","1","50"
"676","3105","3","5","Main","50","1","50"
"677","3106","3","5","Main","50","1","50"
"678","3107","3","5","Main","50","1","50"
"679","3108","3","5","Main","50","1","50"
"680","3109","3","5","Main","50","1","50"
"681","3110","3","5","Main","50","1","50"
"682","3111","3","5","Main","50","1","50"
"683","3112","3","5","Main","50","1","50"
"684","3113","3","5","Main","50","1","50"
"685","3114","3","5","Main","50","1","50"
"686","3115","3","5","Main","50","1","50"
"687","3116","3","5","Main","50","1","50"
"688","3117","3","5","Main","50","1","50"
"689","3118","3","5","Main","50","1","50"
"690","3119","3","5","Main","50","1","50"
"691","3120","3","5","Main","50","1","50"
"692","3101","3","6","Main","50","1","50"
"693","3102","3","6","Main","50","1","50"
"694","3103","3","6","Main","50","1","50"
"695","3104","3","6","Main","50","1","50"
"696","3105","3","6","Main","50","1","50"
"697","3106","3","6","Main","50","1","50"
"698","3107","3","6","Main","50","1","50"
"699","3108","3","6","Main","50","1","50"
"700","3109","3","6","Main","50","1","50"
"701","3110","3","6","Main","50","1","50"
"702","3111","3","6","Main","50","1","50"
"703","3112","3","6","Main","50","1","50"
"704","3113","3","6","Main","50","1","50"
"705","3114","3","6","Main","50","1","50"
"706","3115","3","6","Main","50","1","50"
"707","3116","3","6","Main","50","1","50"
"708","3117","3","6","Main","50","1","50"
"709","3118","3","6","Main","50","1","50"
"710","3119","3","6","Main","50","1","50"
"711","3120","3","6","Main","50","1","50"
"712","3101","3","7","Main","50","1","50"
"713","3102","3","7","Main","50","1","50"
"714","3103","3","7","Main","50","1","50"
"715","3104","3","7","Main","50","1","50"
"716","3105","3","7","Main","50","1","50"
"717","3106","3","7","Main","50","1","50"
"718","3107","3","7","Main","50","1","50"
"719","3108","3","7","Main","50","1","50"
"720","3109","3","7","Main","50","1","50"
"721","3110","3","7","Main","50","1","50"
"722","3111","3","7","Main","50","1","50"
"723","3112","3","7","Main","50","1","50"
"724","3113","3","7","Main","50","1","50"
"725","3114","3","7","Main","50","1","50"
"726","3115","3","7","Main","50","1","50"
"727","3116","3","7","Main","50","1","50"
"728","3117","3","7","Main","50","1","50"
"729","3118","3","7","Main","50","1","50"
"730","3119","3","7","Main","50","1","50"
"731","3120","3","7","Main","50","1","50"
"732","3101","3","8","Main","50","1","50"
"733","3102","3","8","Main","50","1","50"
"734","3103","3","8","Main","50","1","50"
"735","3104","3","8","Main","50","1","50"
"736","3105","3","8","Main","50","1","50"
"737","3106","3","8","Main","50","1","50"
"738","3107","3","8","Main","50","1","50"
"739","3108","3","8","Main","50","1","50"
"740","3109","3","8","Main","50","1","50"
"741","3110","3","8","Main","50","1","50"
"742","3111","3","8","Main","50","1","50"
"743","3112","3","8","Main","50","1","50"
"744","3113","3","8","Main","50","1","50"
"745","3114","3","8","Main","50","1","50"
"746","3115","3","8","Main","50","1","50"
"747","3116","3","8","Main","50","1","50"
"748","3117","3","8","Main","50","1","50"
"749","3118","3","8","Main","50","1","50"
"750","3119","3","8","Main","50","1","50"
"751","3120","3","8","Main","50","1","50"
"752","3101","3","9","Main","50","1","50"
"753","3102","3","9","Main","50","1","50"
"754","3103","3","9","Main","50","1","50"
"755","3104","3","9","Main","50","1","50"
"756","3105","3","9","Main","50","1","50"
"757","3106","3","9","Main","50","1","50"
"758","3107","3","9","Main","50","1","50"
"759","3108","3","9","Main","50","1","50"
"760","3109","3","9","Main","50","1","50"
"761","3110","3","9","Main","50","1","50"
"762","3111","3","9","Main","50","1","50"
"763","3112","3","9","Main","50","1","50"
"764","3113","3","9","Main","50","1","50"
"765","3114","3","9","Main","50","1","50"
"766","3115","3","9","Main","50","1","50"
"767","3116","3","9","Main","50","1","50"
"768","3117","3","9","Main","50","1","50"
"769","3118","3","9","Main","50","1","50"
"770","3119","3","9","Main","50","1","50"
"771","3120","3","9","Main","50","1","50"
"772","3101","3","10","Main","50","1","50"
"773","3102","3","10","Main","50","1","50"
"774","3103","3","10","Main","50","1","50"
"775","3104","3","10","Main","50","1","50"
"776","3105","3","10","Main","50","1","50"
"777","3106","3","10","Main","50","1","50"
"778","3107","3","10","Main","50","1","50"
"779","3108","3","10","Main","50","1","50"
"780","3109","3","10","Main","50","1","50"
"781","3110","3","10","Main","50","1","50"
"782","3111","3","10","Main","50","1","50"
"783","3112","3","10","Main","50","1","50"
"784","3113","3","10","Main","50","1","50"
"785","3114","3","10","Main","50","1","50"
"786","3115","3","10","Main","50","1","50"
"787","3116","3","10","Main","50","1","50"
"788","3117","3","10","Main","50","1","50"
"789","3118","3","10","Main","50","1","50"
"790","3119","3","10","Main","50","1","50"
"791","3120","3","10","Main","50","1","50"
"792","3101","3","11","Main","50","1","50"
"793","3102","3","11","Main","50","1","50"
"794","3103","3","11","Main","50","1","50"
"795","3104","3","11","Main","50","1","50"
"796","3105","3","11","Main","50","1","50"
"797","3106","3","11","Main","50","1","50"
"798","3107","3","11","Main","50","1","50"
"799","3108","3","11","Main","50","1","50"
"800","3109","3","11","Main","50","1","50"
"801","3110","3","11","Main","50","1","50"
"802","3111","3","11","Main","50","1","50"
"803","3112","3","11","Main","50","1","50"
"804","3113","3","11","Main","50","1","50"
"805","3114","3","11","Main","50","1","50"
"806","3115","3","11","Main","50","1","50"
"807","3116","3","11","Main","50","1","50"
"808","3117","3","11","Main","50","1","50"
"809","3118","3","11","Main","50","1","50"
"810","3119","3","11","Main","50","1","50"
"811","3120","3","11","Main","50","1","50"
"812","3101","3","12","Main","50","1","50"
"813","3102","3","12","Main","50","1","50"
"814","3103","3","12","Main","50","1","50"
"815","3104","3","12","Main","50","1","50"
"816","3105","3","12","Main","50","1","50"
"817","3106","3","12","Main","50","1","50"
"818","3107","3","12","Main","50","1","50"
"819","3108","3","12","Main","50","1","50"
"820","3109","3","12","Main","50","1","50"
"821","3110","3","12","Main","50","1","50"
"822","3111","3","12","Main","50","1","50"
"823","3112","3","12","Main","50","1","50"
"824","3113","3","12","Main","50","1","50"
"825","3114","3","12","Main","50","1","50"
"826","3115","3","12","Main","50","1","50"
"827","3116","3","12","Main","50","1","50"
"828","3117","3","12","Main","50","1","50"
"829","3118","3","12","Main","50","1","50"
"830","3119","3","12","Main","50","1","50"
"831","3120","3","12","Main","50","1","50"
"832","4101","4","2","Main","50","1","50"
"833","4102","4","2","Main","50","1","50"
"834","4103","4","2","Main","50","1","50"
"835","4104","4","2","Main","50","1","50"
"836","4105","4","2","Main","50","1","50"
"837","4106","4","2","Main","50","1","50"
"838","4107","4","2","Main","50","1","50"
"839","4108","4","2","Main","50","1","50"
"840","4109","4","2","Main","50","1","50"
"841","4110","4","2","Main","50","1","50"
"842","4111","4","2","Main","50","1","50"
"843","4112","4","2","Main","50","1","50"
"844","4113","4","2","Main","50","1","50"
"845","4114","4","2","Main","50","1","50"
"846","4115","4","2","Main","50","1","50"
"847","4116","4","2","Main","50","1","50"
"848","4117","4","2","Main","50","1","50"
"849","4118","4","2","Main","50","1","50"
"850","4119","4","2","Main","50","1","50"
"851","4120","4","2","Main","50","1","50"
"852","4101","4","3","Main","50","1","50"
"853","4102","4","3","Main","50","1","50"
"854","4103","4","3","Main","50","1","50"
"855","4104","4","3","Main","50","1","50"
"856","4105","4","3","Main","50","1","50"
"857","4106","4","3","Main","50","1","50"
"858","4107","4","3","Main","50","1","50"
"859","4108","4","3","Main","50","1","50"
"860","4109","4","3","Main","50","1","50"
"861","4110","4","3","Main","50","1","50"
"862","4111","4","3","Main","50","1","50"
"863","4112","4","3","Main","50","1","50"
"864","4113","4","3","Main","50","1","50"
"865","4114","4","3","Main","50","1","50"
"866","4115","4","3","Main","50","1","50"
"867","4116","4","3","Main","50","1","50"
"868","4117","4","3","Main","50","1","50"
"869","4118","4","3","Main","50","1","50"
"870","4119","4","3","Main","50","1","50"
"871","4120","4","3","Main","50","1","50"
"872","4101","4","4","Main","50","1","50"
"873","4102","4","4","Main","50","1","50"
"874","4103","4","4","Main","50","1","50"
"875","4104","4","4","Main","50","1","50"
"876","4105","4","4","Main","50","1","50"
"877","4106","4","4","Main","50","1","50"
"878","4107","4","4","Main","50","1","50"
"879","4108","4","4","Main","50","1","50"
"880","4109","4","4","Main","50","1","50"
"881","4110","4","4","Main","50","1","50"
"882","4111","4","4","Main","50","1","50"
"883","4112","4","4","Main","50","1","50"
"884","4113","4","4","Main","50","1","50"
"885","4114","4","4","Main","50","1","50"
"886","4115","4","4","Main","50","1","50"
"887","4116","4","4","Main","50","1","50"
"888","4117","4","4","Main","50","1","50"
"889","4118","4","4","Main","50","1","50"
"890","4119","4","4","Main","50","1","50"
"891","4120","4","4","Main","50","1","50"
"892","4101","4","5","Main","50","1","50"
"893","4102","4","5","Main","50","1","50"
"894","4103","4","5","Main","50","1","50"
"895","4104","4","5","Main","50","1","50"
"896","4105","4","5","Main","50","1","50"
"897","4106","4","5","Main","50","1","50"
"898","4107","4","5","Main","50","1","50"
"899","4108","4","5","Main","50","1","50"
"900","4109","4","5","Main","50","1","50"
"901","4110","4","5","Main","50","1","50"
"902","4111","4","5","Main","50","1","50"
"903","4112","4","5","Main","50","1","50"
"904","4113","4","5","Main","50","1","50"
"905","4114","4","5","Main","50","1","50"
"906","4115","4","5","Main","50","1","50"
"907","4116","4","5","Main","50","1","50"
"908","4117","4","5","Main","50","1","50"
"909","4118","4","5","Main","50","1","50"
"910","4119","4","5","Main","50","1","50"
"911","4120","4","5","Main","50","1","50"
"912","4101","4","6","Main","50","1","50"
"913","4102","4","6","Main","50","1","50"
"914","4103","4","6","Main","50","1","50"
"915","4104","4","6","Main","50","1","50"
"916","4105","4","6","Main","50","1","50"
"917","4106","4","6","Main","50","1","50"
"918","4107","4","6","Main","50","1","50"
"919","4108","4","6","Main","50","1","50"
"920","4109","4","6","Main","50","1","50"
"921","4110","4","6","Main","50","1","50"
"922","4111","4","6","Main","50","1","50"
"923","4112","4","6","Main","50","1","50"
"924","4113","4","6","Main","50","1","50"
"925","4114","4","6","Main","50","1","50"
"926","4115","4","6","Main","50","1","50"
"927","4116","4","6","Main","50","1","50"
"928","4117","4","6","Main","50","1","50"
"929","4118","4","6","Main","50","1","50"
"930","4119","4","6","Main","50","1","50"
"931","4120","4","6","Main","50","1","50"
"932","4101","4","7","Main","50","1","50"
"933","4102","4","7","Main","50","1","50"
"934","4103","4","7","Main","50","1","50"
"935","4104","4","7","Main","50","1","50"
"936","4105","4","7","Main","50","1","50"
"937","4106","4","7","Main","50","1","50"
"938","4107","4","7","Main","50","1","50"
"939","4108","4","7","Main","50","1","50"
"940","4109","4","7","Main","50","1","50"
"941","4110","4","7","Main","50","1","50"
"942","4111","4","7","Main","50","1","50"
"943","4112","4","7","Main","50","1","50"
"944","4113","4","7","Main","50","1","50"
"945","4114","4","7","Main","50","1","50"
"946","4115","4","7","Main","50","1","50"
"947","4116","4","7","Main","50","1","50"
"948","4117","4","7","Main","50","1","50"
"949","4118","4","7","Main","50","1","50"
"950","4119","4","7","Main","50","1","50"
"951","4120","4","7","Main","50","1","50"
"952","4101","4","8","Main","50","1","50"
"953","4102","4","8","Main","50","1","50"
"954","4103","4","8","Main","50","1","50"
"955","4104","4","8","Main","50","1","50"
"956","4105","4","8","Main","50","1","50"
"957","4106","4","8","Main","50","1","50"
"958","4107","4","8","Main","50","1","50"
"959","4108","4","8","Main","50","1","50"
"960","4109","4","8","Main","50","1","50"
"961","4110","4","8","Main","50","1","50"
"962","4111","4","8","Main","50","1","50"
"963","4112","4","8","Main","50","1","50"
"964","4113","4","8","Main","50","1","50"
"965","4114","4","8","Main","50","1","50"
"966","4115","4","8","Main","50","1","50"
"967","4116","4","8","Main","50","1","50"
"968","4117","4","8","Main","50","1","50"
"969","4118","4","8","Main","50","1","50"
"970","4119","4","8","Main","50","1","50"
"971","4120","4","8","Main","50","1","50"
"972","4101","4","9","Main","50","1","50"
"973","4102","4","9","Main","50","1","50"
"974","4103","4","9","Main","50","1","50"
"975","4104","4","9","Main","50","1","50"
"976","4105","4","9","Main","50","1","50"
"977","4106","4","9","Main","50","1","50"
"978","4107","4","9","Main","50","1","50"
"979","4108","4","9","Main","50","1","50"
"980","4109","4","9","Main","50","1","50"
"981","4110","4","9","Main","50","1","50"
"982","4111","4","9","Main","50","1","50"
"983","4112","4","9","Main","50","1","50"
"984","4113","4","9","Main","50","1","50"
"985","4114","4","9","Main","50","1","50"
"986","4115","4","9","Main","50","1","50"
"987","4116","4","9","Main","50","1","50"
"988","4117","4","9","Main","50","1","50"
"989","4118","4","9","Main","50","1","50"
"990","4119","4","9","Main","50","1","50"
"991","4120","4","9","Main","50","1","50"
"992","4101","4","10","Main","50","1","50"
"993","4102","4","10","Main","50","1","50"
"994","4103","4","10","Main","50","1","50"
"995","4104","4","10","Main","50","1","50"
"996","4105","4","10","Main","50","1","50"
"997","4106","4","10","Main","50","1","50"
"998","4107","4","10","Main","50","1","50"
"999","4108","4","10","Main","50","1","50"
"1000","4109","4","10","Main","50","1","50"
"1001","4110","4","10","Main","50","1","50"
"1002","4111","4","10","Main","50","1","50"
"1003","4112","4","10","Main","50","1","50"
"1004","4113","4","10","Main","50","1","50"
"1005","4114","4","10","Main","50","1","50"
"1006","4115","4","10","Main","50","1","50"
"1007","4116","4","10","Main","50","1","50"
"1008","4117","4","10","Main","50","1","50"
"1009","4118","4","10","Main","50","1","50"
"1010","4119","4","10","Main","50","1","50"
"1011","4120","4","10","Main","50","1","50"
"1012","4101","4","11","Main","50","1","50"
"1013","4102","4","11","Main","50","1","50"
"1014","4103","4","11","Main","50","1","50"
"1015","4104","4","11","Main","50","1","50"
"1016","4105","4","11","Main","50","1","50"
"1017","4106","4","11","Main","50","1","50"
"1018","4107","4","11","Main","50","1","50"
"1019","4108","4","11","Main","50","1","50"
"1020","4109","4","11","Main","50","1","50"
"1021","4110","4","11","Main","50","1","50"
"1022","4111","4","11","Main","50","1","50"
"1023","4112","4","11","Main","50","1","50"
"1024","4113","4","11","Main","50","1","50"
"1025","4114","4","11","Main","50","1","50"
"1026","4115","4","11","Main","50","1","50"
"1027","4116","4","11","Main","50","1","50"
"1028","4117","4","11","Main","50","1","50"
"1029","4118","4","11","Main","50","1","50"
"1030","4119","4","11","Main","50","1","50"
"1031","4120","4","11","Main","50","1","50"
"1032","4101","4","12","Main","50","1","50"
"1033","4102","4","12","Main","50","1","50"
"1034","4103","4","12","Main","50","1","50"
"1035","4104","4","12","Main","50","1","50"
"1036","4105","4","12","Main","50","1","50"
"1037","4106","4","12","Main","50","1","50"
"1038","4107","4","12","Main","50","1","50"
"1039","4108","4","12","Main","50","1","50"
"1040","4109","4","12","Main","50","1","50"
"1041","4110","4","12","Main","50","1","50"
"1042","4111","4","12","Main","50","1","50"
"1043","4112","4","12","Main","50","1","50"
"1044","4113","4","12","Main","50","1","50"
"1045","4114","4","12","Main","50","1","50"
"1046","4115","4","12","Main","50","1","50"
"1047","4116","4","12","Main","50","1","50"
"1048","4117","4","12","Main","50","1","50"
"1049","4118","4","12","Main","50","1","50"
"1050","4119","4","12","Main","50","1","50"
"1051","4120","4","12","Main","50","1","50"
"1052","1201","1","2","Main","50","2","50"
"1053","1202","1","2","Main","50","2","50"
"1054","1203","1","2","Main","50","2","50"
"1055","1204","1","2","Main","50","2","50"
"1056","1205","1","2","Main","50","2","50"
"1057","1206","1","2","Main","50","2","50"
"1058","1207","1","2","Main","50","2","50"
"1059","1208","1","2","Main","50","2","50"
"1060","1209","1","2","Main","50","2","50"
"1061","1210","1","2","Main","50","2","50"
"1062","1211","1","2","Main","50","2","50"
"1063","1212","1","2","Main","50","2","50"
"1064","1213","1","2","Main","50","2","50"
"1065","1214","1","2","Main","50","2","50"
"1066","1215","1","2","Main","50","2","50"
"1067","1216","1","2","Main","50","2","50"
"1068","1217","1","2","Main","50","2","50"
"1069","1218","1","2","Main","50","2","50"
"1070","1219","1","2","Main","50","2","50"
"1071","1220","1","2","Main","50","2","50"
"1072","1201","1","3","Main","50","2","50"
"1073","1202","1","3","Main","50","2","50"
"1074","1203","1","3","Main","50","2","50"
"1075","1204","1","3","Main","50","2","50"
"1076","1205","1","3","Main","50","2","50"
"1077","1206","1","3","Main","50","2","50"
"1078","1207","1","3","Main","50","2","50"
"1079","1208","1","3","Main","50","2","50"
"1080","1209","1","3","Main","50","2","50"
"1081","1210","1","3","Main","50","2","50"
"1082","1211","1","3","Main","50","2","50"
"1083","1212","1","3","Main","50","2","50"
"1084","1213","1","3","Main","50","2","50"
"1085","1214","1","3","Main","50","2","50"
"1086","1215","1","3","Main","50","2","50"
"1087","1216","1","3","Main","50","2","50"
"1088","1217","1","3","Main","50","2","50"
"1089","1218","1","3","Main","50","2","50"
"1090","1219","1","3","Main","50","2","50"
"1091","1220","1","3","Main","50","2","50"
"1092","1201","1","4","Main","50","2","50"
"1093","1202","1","4","Main","50","2","50"
"1094","1203","1","4","Main","50","2","50"
"1095","1204","1","4","Main","50","2","50"
"1096","1205","1","4","Main","50","2","50"
"1097","1206","1","4","Main","50","2","50"
"1098","1207","1","4","Main","50","2","50"
"1099","1208","1","4","Main","50","2","50"
"1100","1209","1","4","Main","50","2","50"
"1101","1210","1","4","Main","50","2","50"
"1102","1211","1","4","Main","50","2","50"
"1103","1212","1","4","Main","50","2","50"
"1104","1213","1","4","Main","50","2","50"
"1105","1214","1","4","Main","50","2","50"
"1106","1215","1","4","Main","50","2","50"
"1107","1216","1","4","Main","50","2","50"
"1108","1217","1","4","Main","50","2","50"
"1109","1218","1","4","Main","50","2","50"
"1110","1219","1","4","Main","50","2","50"
"1111","1220","1","4","Main","50","2","50"
"1112","1201","1","5","Main","50","2","50"
"1113","1202","1","5","Main","50","2","50"
"1114","1203","1","5","Main","50","2","50"
"1115","1204","1","5","Main","50","2","50"
"1116","1205","1","5","Main","50","2","50"
"1117","1206","1","5","Main","50","2","50"
"1118","1207","1","5","Main","50","2","50"
"1119","1208","1","5","Main","50","2","50"
"1120","1209","1","5","Main","50","2","50"
"1121","1210","1","5","Main","50","2","50"
"1122","1211","1","5","Main","50","2","50"
"1123","1212","1","5","Main","50","2","50"
"1124","1213","1","5","Main","50","2","50"
"1125","1214","1","5","Main","50","2","50"
"1126","1215","1","5","Main","50","2","50"
"1127","1216","1","5","Main","50","2","50"
"1128","1217","1","5","Main","50","2","50"
"1129","1218","1","5","Main","50","2","50"
"1130","1219","1","5","Main","50","2","50"
"1131","1220","1","5","Main","50","2","50"
"1132","1201","1","6","Main","50","2","50"
"1133","1202","1","6","Main","50","2","50"
"1134","1203","1","6","Main","50","2","50"
"1135","1204","1","6","Main","50","2","50"
"1136","1205","1","6","Main","50","2","50"
"1137","1206","1","6","Main","50","2","50"
"1138","1207","1","6","Main","50","2","50"
"1139","1208","1","6","Main","50","2","50"
"1140","1209","1","6","Main","50","2","50"
"1141","1210","1","6","Main","50","2","50"
"1142","1211","1","6","Main","50","2","50"
"1143","1212","1","6","Main","50","2","50"
"1144","1213","1","6","Main","50","2","50"
"1145","1214","1","6","Main","50","2","50"
"1146","1215","1","6","Main","50","2","50"
"1147","1216","1","6","Main","50","2","50"
"1148","1217","1","6","Main","50","2","50"
"1149","1218","1","6","Main","50","2","50"
"1150","1219","1","6","Main","50","2","50"
"1151","1220","1","6","Main","50","2","50"
"1152","1201","1","7","Main","50","2","50"
"1153","1202","1","7","Main","50","2","50"
"1154","1203","1","7","Main","50","2","50"
"1155","1204","1","7","Main","50","2","50"
"1156","1205","1","7","Main","50","2","50"
"1157","1206","1","7","Main","50","2","50"
"1158","1207","1","7","Main","50","2","50"
"1159","1208","1","7","Main","50","2","50"
"1160","1209","1","7","Main","50","2","50"
"1161","1210","1","7","Main","50","2","50"
"1162","1211","1","7","Main","50","2","50"
"1163","1212","1","7","Main","50","2","50"
"1164","1213","1","7","Main","50","2","50"
"1165","1214","1","7","Main","50","2","50"
"1166","1215","1","7","Main","50","2","50"
"1167","1216","1","7","Main","50","2","50"
"1168","1217","1","7","Main","50","2","50"
"1169","1218","1","7","Main","50","2","50"
"1170","1219","1","7","Main","50","2","50"
"1171","1220","1","7","Main","50","2","50"
"1172","1201","1","8","Main","50","2","50"
"1173","1202","1","8","Main","50","2","50"
"1174","1203","1","8","Main","50","2","50"
"1175","1204","1","8","Main","50","2","50"
"1176","1205","1","8","Main","50","2","50"
"1177","1206","1","8","Main","50","2","50"
"1178","1207","1","8","Main","50","2","50"
"1179","1208","1","8","Main","50","2","50"
"1180","1209","1","8","Main","50","2","50"
"1181","1210","1","8","Main","50","2","50"
"1182","1211","1","8","Main","50","2","50"
"1183","1212","1","8","Main","50","2","50"
"1184","1213","1","8","Main","50","2","50"
"1185","1214","1","8","Main","50","2","50"
"1186","1215","1","8","Main","50","2","50"
"1187","1216","1","8","Main","50","2","50"
"1188","1217","1","8","Main","50","2","50"
"1189","1218","1","8","Main","50","2","50"
"1190","1219","1","8","Main","50","2","50"
"1191","1220","1","8","Main","50","2","50"
"1192","1201","1","9","Main","50","2","50"
"1193","1202","1","9","Main","50","2","50"
"1194","1203","1","9","Main","50","2","50"
"1195","1204","1","9","Main","50","2","50"
"1196","1205","1","9","Main","50","2","50"
"1197","1206","1","9","Main","50","2","50"
"1198","1207","1","9","Main","50","2","50"
"1199","1208","1","9","Main","50","2","50"
"1200","1209","1","9","Main","50","2","50"
"1201","1210","1","9","Main","50","2","50"
"1202","1211","1","9","Main","50","2","50"
"1203","1212","1","9","Main","50","2","50"
"1204","1213","1","9","Main","50","2","50"
"1205","1214","1","9","Main","50","2","50"
"1206","1215","1","9","Main","50","2","50"
"1207","1216","1","9","Main","50","2","50"
"1208","1217","1","9","Main","50","2","50"
"1209","1218","1","9","Main","50","2","50"
"1210","1219","1","9","Main","50","2","50"
"1211","1220","1","9","Main","50","2","50"
"1212","1201","1","10","Main","50","2","50"
"1213","1202","1","10","Main","50","2","50"
"1214","1203","1","10","Main","50","2","50"
"1215","1204","1","10","Main","50","2","50"
"1216","1205","1","10","Main","50","2","50"
"1217","1206","1","10","Main","50","2","50"
"1218","1207","1","10","Main","50","2","50"
"1219","1208","1","10","Main","50","2","50"
"1220","1209","1","10","Main","50","2","50"
"1221","1210","1","10","Main","50","2","50"
"1222","1211","1","10","Main","50","2","50"
"1223","1212","1","10","Main","50","2","50"
"1224","1213","1","10","Main","50","2","50"
"1225","1214","1","10","Main","50","2","50"
"1226","1215","1","10","Main","50","2","50"
"1227","1216","1","10","Main","50","2","50"
"1228","1217","1","10","Main","50","2","50"
"1229","1218","1","10","Main","50","2","50"
"1230","1219","1","10","Main","50","2","50"
"1231","1220","1","10","Main","50","2","50"
"1232","1201","1","11","Main","50","2","50"
"1233","1202","1","11","Main","50","2","50"
"1234","1203","1","11","Main","50","2","50"
"1235","1204","1","11","Main","50","2","50"
"1236","1205","1","11","Main","50","2","50"
"1237","1206","1","11","Main","50","2","50"
"1238","1207","1","11","Main","50","2","50"
"1239","1208","1","11","Main","50","2","50"
"1240","1209","1","11","Main","50","2","50"
"1241","1210","1","11","Main","50","2","50"
"1242","1211","1","11","Main","50","2","50"
"1243","1212","1","11","Main","50","2","50"
"1244","1213","1","11","Main","50","2","50"
"1245","1214","1","11","Main","50","2","50"
"1246","1215","1","11","Main","50","2","50"
"1247","1216","1","11","Main","50","2","50"
"1248","1217","1","11","Main","50","2","50"
"1249","1218","1","11","Main","50","2","50"
"1250","1219","1","11","Main","50","2","50"
"1251","1220","1","11","Main","50","2","50"
"1252","1201","1","12","Main","50","2","50"
"1253","1202","1","12","Main","50","2","50"
"1254","1203","1","12","Main","50","2","50"
"1255","1204","1","12","Main","50","2","50"
"1256","1205","1","12","Main","50","2","50"
"1257","1206","1","12","Main","50","2","50"
"1258","1207","1","12","Main","50","2","50"
"1259","1208","1","12","Main","50","2","50"
"1260","1209","1","12","Main","50","2","50"
"1261","1210","1","12","Main","50","2","50"
"1262","1211","1","12","Main","50","2","50"
"1263","1212","1","12","Main","50","2","50"
"1264","1213","1","12","Main","50","2","50"
"1265","1214","1","12","Main","50","2","50"
"1266","1215","1","12","Main","50","2","50"
"1267","1216","1","12","Main","50","2","50"
"1268","1217","1","12","Main","50","2","50"
"1269","1218","1","12","Main","50","2","50"
"1270","1219","1","12","Main","50","2","50"
"1271","1220","1","12","Main","50","2","50"
"1272","2201","2","2","Main","50","2","50"
"1273","2202","2","2","Main","50","2","50"
"1274","2203","2","2","Main","50","2","50"
"1275","2204","2","2","Main","50","2","50"
"1276","2205","2","2","Main","50","2","50"
"1277","2206","2","2","Main","50","2","50"
"1278","2207","2","2","Main","50","2","50"
"1279","2208","2","2","Main","50","2","50"
"1280","2209","2","2","Main","50","2","50"
"1281","2210","2","2","Main","50","2","50"
"1282","2211","2","2","Main","50","2","50"
"1283","2212","2","2","Main","50","2","50"
"1284","2213","2","2","Main","50","2","50"
"1285","2214","2","2","Main","50","2","50"
"1286","2215","2","2","Main","50","2","50"
"1287","2216","2","2","Main","50","2","50"
"1288","2217","2","2","Main","50","2","50"
"1289","2218","2","2","Main","50","2","50"
"1290","2219","2","2","Main","50","2","50"
"1291","2220","2","2","Main","50","2","50"
"1292","2201","2","3","Main","50","2","50"
"1293","2202","2","3","Main","50","2","50"
"1294","2203","2","3","Main","50","2","50"
"1295","2204","2","3","Main","50","2","50"
"1296","2205","2","3","Main","50","2","50"
"1297","2206","2","3","Main","50","2","50"
"1298","2207","2","3","Main","50","2","50"
"1299","2208","2","3","Main","50","2","50"
"1300","2209","2","3","Main","50","2","50"
"1301","2210","2","3","Main","50","2","50"
"1302","2211","2","3","Main","50","2","50"
"1303","2212","2","3","Main","50","2","50"
"1304","2213","2","3","Main","50","2","50"
"1305","2214","2","3","Main","50","2","50"
"1306","2215","2","3","Main","50","2","50"
"1307","2216","2","3","Main","50","2","50"
"1308","2217","2","3","Main","50","2","50"
"1309","2218","2","3","Main","50","2","50"
"1310","2219","2","3","Main","50","2","50"
"1311","2220","2","3","Main","50","2","50"
"1312","2201","2","4","Main","50","2","50"
"1313","2202","2","4","Main","50","2","50"
"1314","2203","2","4","Main","50","2","50"
"1315","2204","2","4","Main","50","2","50"
"1316","2205","2","4","Main","50","2","50"
"1317","2206","2","4","Main","50","2","50"
"1318","2207","2","4","Main","50","2","50"
"1319","2208","2","4","Main","50","2","50"
"1320","2209","2","4","Main","50","2","50"
"1321","2210","2","4","Main","50","2","50"
"1322","2211","2","4","Main","50","2","50"
"1323","2212","2","4","Main","50","2","50"
"1324","2213","2","4","Main","50","2","50"
"1325","2214","2","4","Main","50","2","50"
"1326","2215","2","4","Main","50","2","50"
"1327","2216","2","4","Main","50","2","50"
"1328","2217","2","4","Main","50","2","50"
"1329","2218","2","4","Main","50","2","50"
"1330","2219","2","4","Main","50","2","50"
"1331","2220","2","4","Main","50","2","50"
"1332","2201","2","5","Main","50","2","50"
"1333","2202","2","5","Main","50","2","50"
"1334","2203","2","5","Main","50","2","50"
"1335","2204","2","5","Main","50","2","50"
"1336","2205","2","5","Main","50","2","50"
"1337","2206","2","5","Main","50","2","50"
"1338","2207","2","5","Main","50","2","50"
"1339","2208","2","5","Main","50","2","50"
"1340","2209","2","5","Main","50","2","50"
"1341","2210","2","5","Main","50","2","50"
"1342","2211","2","5","Main","50","2","50"
"1343","2212","2","5","Main","50","2","50"
"1344","2213","2","5","Main","50","2","50"
"1345","2214","2","5","Main","50","2","50"
"1346","2215","2","5","Main","50","2","50"
"1347","2216","2","5","Main","50","2","50"
"1348","2217","2","5","Main","50","2","50"
"1349","2218","2","5","Main","50","2","50"
"1350","2219","2","5","Main","50","2","50"
"1351","2220","2","5","Main","50","2","50"
"1352","2201","2","6","Main","50","2","50"
"1353","2202","2","6","Main","50","2","50"
"1354","2203","2","6","Main","50","2","50"
"1355","2204","2","6","Main","50","2","50"
"1356","2205","2","6","Main","50","2","50"
"1357","2206","2","6","Main","50","2","50"
"1358","2207","2","6","Main","50","2","50"
"1359","2208","2","6","Main","50","2","50"
"1360","2209","2","6","Main","50","2","50"
"1361","2210","2","6","Main","50","2","50"
"1362","2211","2","6","Main","50","2","50"
"1363","2212","2","6","Main","50","2","50"
"1364","2213","2","6","Main","50","2","50"
"1365","2214","2","6","Main","50","2","50"
"1366","2215","2","6","Main","50","2","50"
"1367","2216","2","6","Main","50","2","50"
"1368","2217","2","6","Main","50","2","50"
"1369","2218","2","6","Main","50","2","50"
"1370","2219","2","6","Main","50","2","50"
"1371","2220","2","6","Main","50","2","50"
"1372","2201","2","7","Main","50","2","50"
"1373","2202","2","7","Main","50","2","50"
"1374","2203","2","7","Main","50","2","50"
"1375","2204","2","7","Main","50","2","50"
"1376","2205","2","7","Main","50","2","50"
"1377","2206","2","7","Main","50","2","50"
"1378","2207","2","7","Main","50","2","50"
"1379","2208","2","7","Main","50","2","50"
"1380","2209","2","7","Main","50","2","50"
"1381","2210","2","7","Main","50","2","50"
"1382","2211","2","7","Main","50","2","50"
"1383","2212","2","7","Main","50","2","50"
"1384","2213","2","7","Main","50","2","50"
"1385","2214","2","7","Main","50","2","50"
"1386","2215","2","7","Main","50","2","50"
"1387","2216","2","7","Main","50","2","50"
"1388","2217","2","7","Main","50","2","50"
"1389","2218","2","7","Main","50","2","50"
"1390","2219","2","7","Main","50","2","50"
"1391","2220","2","7","Main","50","2","50"
"1392","2201","2","8","Main","50","2","50"
"1393","2202","2","8","Main","50","2","50"
"1394","2203","2","8","Main","50","2","50"
"1395","2204","2","8","Main","50","2","50"
"1396","2205","2","8","Main","50","2","50"
"1397","2206","2","8","Main","50","2","50"
"1398","2207","2","8","Main","50","2","50"
"1399","2208","2","8","Main","50","2","50"
"1400","2209","2","8","Main","50","2","50"
"1401","2210","2","8","Main","50","2","50"
"1402","2211","2","8","Main","50","2","50"
"1403","2212","2","8","Main","50","2","50"
"1404","2213","2","8","Main","50","2","50"
"1405","2214","2","8","Main","50","2","50"
"1406","2215","2","8","Main","50","2","50"
"1407","2216","2","8","Main","50","2","50"
"1408","2217","2","8","Main","50","2","50"
"1409","2218","2","8","Main","50","2","50"
"1410","2219","2","8","Main","50","2","50"
"1411","2220","2","8","Main","50","2","50"
"1412","2201","2","9","Main","50","2","50"
"1413","2202","2","9","Main","50","2","50"
"1414","2203","2","9","Main","50","2","50"
"1415","2204","2","9","Main","50","2","50"
"1416","2205","2","9","Main","50","2","50"
"1417","2206","2","9","Main","50","2","50"
"1418","2207","2","9","Main","50","2","50"
"1419","2208","2","9","Main","50","2","50"
"1420","2209","2","9","Main","50","2","50"
"1421","2210","2","9","Main","50","2","50"
"1422","2211","2","9","Main","50","2","50"
"1423","2212","2","9","Main","50","2","50"
"1424","2213","2","9","Main","50","2","50"
"1425","2214","2","9","Main","50","2","50"
"1426","2215","2","9","Main","50","2","50"
"1427","2216","2","9","Main","50","2","50"
"1428","2217","2","9","Main","50","2","50"
"1429","2218","2","9","Main","50","2","50"
"1430","2219","2","9","Main","50","2","50"
"1431","2220","2","9","Main","50","2","50"
"1432","2201","2","10","Main","50","2","50"
"1433","2202","2","10","Main","50","2","50"
"1434","2203","2","10","Main","50","2","50"
"1435","2204","2","10","Main","50","2","50"
"1436","2205","2","10","Main","50","2","50"
"1437","2206","2","10","Main","50","2","50"
"1438","2207","2","10","Main","50","2","50"
"1439","2208","2","10","Main","50","2","50"
"1440","2209","2","10","Main","50","2","50"
"1441","2210","2","10","Main","50","2","50"
"1442","2211","2","10","Main","50","2","50"
"1443","2212","2","10","Main","50","2","50"
"1444","2213","2","10","Main","50","2","50"
"1445","2214","2","10","Main","50","2","50"
"1446","2215","2","10","Main","50","2","50"
"1447","2216","2","10","Main","50","2","50"
"1448","2217","2","10","Main","50","2","50"
"1449","2218","2","10","Main","50","2","50"
"1450","2219","2","10","Main","50","2","50"
"1451","2220","2","10","Main","50","2","50"
"1452","2201","2","11","Main","50","2","50"
"1453","2202","2","11","Main","50","2","50"
"1454","2203","2","11","Main","50","2","50"
"1455","2204","2","11","Main","50","2","50"
"1456","2205","2","11","Main","50","2","50"
"1457","2206","2","11","Main","50","2","50"
"1458","2207","2","11","Main","50","2","50"
"1459","2208","2","11","Main","50","2","50"
"1460","2209","2","11","Main","50","2","50"
"1461","2210","2","11","Main","50","2","50"
"1462","2211","2","11","Main","50","2","50"
"1463","2212","2","11","Main","50","2","50"
"1464","2213","2","11","Main","50","2","50"
"1465","2214","2","11","Main","50","2","50"
"1466","2215","2","11","Main","50","2","50"
"1467","2216","2","11","Main","50","2","50"
"1468","2217","2","11","Main","50","2","50"
"1469","2218","2","11","Main","50","2","50"
"1470","2219","2","11","Main","50","2","50"
"1471","2220","2","11","Main","50","2","50"
"1472","2201","2","12","Main","50","2","50"
"1473","2202","2","12","Main","50","2","50"
"1474","2203","2","12","Main","50","2","50"
"1475","2204","2","12","Main","50","2","50"
"1476","2205","2","12","Main","50","2","50"
"1477","2206","2","12","Main","50","2","50"
"1478","2207","2","12","Main","50","2","50"
"1479","2208","2","12","Main","50","2","50"
"1480","2209","2","12","Main","50","2","50"
"1481","2210","2","12","Main","50","2","50"
"1482","2211","2","12","Main","50","2","50"
"1483","2212","2","12","Main","50","2","50"
"1484","2213","2","12","Main","50","2","50"
"1485","2214","2","12","Main","50","2","50"
"1486","2215","2","12","Main","50","2","50"
"1487","2216","2","12","Main","50","2","50"
"1488","2217","2","12","Main","50","2","50"
"1489","2218","2","12","Main","50","2","50"
"1490","2219","2","12","Main","50","2","50"
"1491","2220","2","12","Main","50","2","50"
"1492","3201","3","2","Main","50","2","50"
"1493","3202","3","2","Main","50","2","50"
"1494","3203","3","2","Main","50","2","50"
"1495","3204","3","2","Main","50","2","50"
"1496","3205","3","2","Main","50","2","50"
"1497","3206","3","2","Main","50","2","50"
"1498","3207","3","2","Main","50","2","50"
"1499","3208","3","2","Main","50","2","50"
"1500","3209","3","2","Main","50","2","50"
"1501","3210","3","2","Main","50","2","50"
"1502","3211","3","2","Main","50","2","50"
"1503","3212","3","2","Main","50","2","50"
"1504","3213","3","2","Main","50","2","50"
"1505","3214","3","2","Main","50","2","50"
"1506","3215","3","2","Main","50","2","50"
"1507","3216","3","2","Main","50","2","50"
"1508","3217","3","2","Main","50","2","50"
"1509","3218","3","2","Main","50","2","50"
"1510","3219","3","2","Main","50","2","50"
"1511","3220","3","2","Main","50","2","50"
"1512","3201","3","3","Main","50","2","50"
"1513","3202","3","3","Main","50","2","50"
"1514","3203","3","3","Main","50","2","50"
"1515","3204","3","3","Main","50","2","50"
"1516","3205","3","3","Main","50","2","50"
"1517","3206","3","3","Main","50","2","50"
"1518","3207","3","3","Main","50","2","50"
"1519","3208","3","3","Main","50","2","50"
"1520","3209","3","3","Main","50","2","50"
"1521","3210","3","3","Main","50","2","50"
"1522","3211","3","3","Main","50","2","50"
"1523","3212","3","3","Main","50","2","50"
"1524","3213","3","3","Main","50","2","50"
"1525","3214","3","3","Main","50","2","50"
"1526","3215","3","3","Main","50","2","50"
"1527","3216","3","3","Main","50","2","50"
"1528","3217","3","3","Main","50","2","50"
"1529","3218","3","3","Main","50","2","50"
"1530","3219","3","3","Main","50","2","50"
"1531","3220","3","3","Main","50","2","50"
"1532","3201","3","4","Main","50","2","50"
"1533","3202","3","4","Main","50","2","50"
"1534","3203","3","4","Main","50","2","50"
"1535","3204","3","4","Main","50","2","50"
"1536","3205","3","4","Main","50","2","50"
"1537","3206","3","4","Main","50","2","50"
"1538","3207","3","4","Main","50","2","50"
"1539","3208","3","4","Main","50","2","50"
"1540","3209","3","4","Main","50","2","50"
"1541","3210","3","4","Main","50","2","50"
"1542","3211","3","4","Main","50","2","50"
"1543","3212","3","4","Main","50","2","50"
"1544","3213","3","4","Main","50","2","50"
"1545","3214","3","4","Main","50","2","50"
"1546","3215","3","4","Main","50","2","50"
"1547","3216","3","4","Main","50","2","50"
"1548","3217","3","4","Main","50","2","50"
"1549","3218","3","4","Main","50","2","50"
"1550","3219","3","4","Main","50","2","50"
"1551","3220","3","4","Main","50","2","50"
"1552","3201","3","5","Main","50","2","50"
"1553","3202","3","5","Main","50","2","50"
"1554","3203","3","5","Main","50","2","50"
"1555","3204","3","5","Main","50","2","50"
"1556","3205","3","5","Main","50","2","50"
"1557","3206","3","5","Main","50","2","50"
"1558","3207","3","5","Main","50","2","50"
"1559","3208","3","5","Main","50","2","50"
"1560","3209","3","5","Main","50","2","50"
"1561","3210","3","5","Main","50","2","50"
"1562","3211","3","5","Main","50","2","50"
"1563","3212","3","5","Main","50","2","50"
"1564","3213","3","5","Main","50","2","50"
"1565","3214","3","5","Main","50","2","50"
"1566","3215","3","5","Main","50","2","50"
"1567","3216","3","5","Main","50","2","50"
"1568","3217","3","5","Main","50","2","50"
"1569","3218","3","5","Main","50","2","50"
"1570","3219","3","5","Main","50","2","50"
"1571","3220","3","5","Main","50","2","50"
"1572","3201","3","6","Main","50","2","50"
"1573","3202","3","6","Main","50","2","50"
"1574","3203","3","6","Main","50","2","50"
"1575","3204","3","6","Main","50","2","50"
"1576","3205","3","6","Main","50","2","50"
"1577","3206","3","6","Main","50","2","50"
"1578","3207","3","6","Main","50","2","50"
"1579","3208","3","6","Main","50","2","50"
"1580","3209","3","6","Main","50","2","50"
"1581","3210","3","6","Main","50","2","50"
"1582","3211","3","6","Main","50","2","50"
"1583","3212","3","6","Main","50","2","50"
"1584","3213","3","6","Main","50","2","50"
"1585","3214","3","6","Main","50","2","50"
"1586","3215","3","6","Main","50","2","50"
"1587","3216","3","6","Main","50","2","50"
"1588","3217","3","6","Main","50","2","50"
"1589","3218","3","6","Main","50","2","50"
"1590","3219","3","6","Main","50","2","50"
"1591","3220","3","6","Main","50","2","50"
"1592","3201","3","7","Main","50","2","50"
"1593","3202","3","7","Main","50","2","50"
"1594","3203","3","7","Main","50","2","50"
"1595","3204","3","7","Main","50","2","50"
"1596","3205","3","7","Main","50","2","50"
"1597","3206","3","7","Main","50","2","50"
"1598","3207","3","7","Main","50","2","50"
"1599","3208","3","7","Main","50","2","50"
"1600","3209","3","7","Main","50","2","50"
"1601","3210","3","7","Main","50","2","50"
"1602","3211","3","7","Main","50","2","50"
"1603","3212","3","7","Main","50","2","50"
"1604","3213","3","7","Main","50","2","50"
"1605","3214","3","7","Main","50","2","50"
"1606","3215","3","7","Main","50","2","50"
"1607","3216","3","7","Main","50","2","50"
"1608","3217","3","7","Main","50","2","50"
"1609","3218","3","7","Main","50","2","50"
"1610","3219","3","7","Main","50","2","50"
"1611","3220","3","7","Main","50","2","50"
"1612","3201","3","8","Main","50","2","50"
"1613","3202","3","8","Main","50","2","50"
"1614","3203","3","8","Main","50","2","50"
"1615","3204","3","8","Main","50","2","50"
"1616","3205","3","8","Main","50","2","50"
"1617","3206","3","8","Main","50","2","50"
"1618","3207","3","8","Main","50","2","50"
"1619","3208","3","8","Main","50","2","50"
"1620","3209","3","8","Main","50","2","50"
"1621","3210","3","8","Main","50","2","50"
"1622","3211","3","8","Main","50","2","50"
"1623","3212","3","8","Main","50","2","50"
"1624","3213","3","8","Main","50","2","50"
"1625","3214","3","8","Main","50","2","50"
"1626","3215","3","8","Main","50","2","50"
"1627","3216","3","8","Main","50","2","50"
"1628","3217","3","8","Main","50","2","50"
"1629","3218","3","8","Main","50","2","50"
"1630","3219","3","8","Main","50","2","50"
"1631","3220","3","8","Main","50","2","50"
"1632","3201","3","9","Main","50","2","50"
"1633","3202","3","9","Main","50","2","50"
"1634","3203","3","9","Main","50","2","50"
"1635","3204","3","9","Main","50","2","50"
"1636","3205","3","9","Main","50","2","50"
"1637","3206","3","9","Main","50","2","50"
"1638","3207","3","9","Main","50","2","50"
"1639","3208","3","9","Main","50","2","50"
"1640","3209","3","9","Main","50","2","50"
"1641","3210","3","9","Main","50","2","50"
"1642","3211","3","9","Main","50","2","50"
"1643","3212","3","9","Main","50","2","50"
"1644","3213","3","9","Main","50","2","50"
"1645","3214","3","9","Main","50","2","50"
"1646","3215","3","9","Main","50","2","50"
"1647","3216","3","9","Main","50","2","50"
"1648","3217","3","9","Main","50","2","50"
"1649","3218","3","9","Main","50","2","50"
"1650","3219","3","9","Main","50","2","50"
"1651","3220","3","9","Main","50","2","50"
"1652","3201","3","10","Main","50","2","50"
"1653","3202","3","10","Main","50","2","50"
"1654","3203","3","10","Main","50","2","50"
"1655","3204","3","10","Main","50","2","50"
"1656","3205","3","10","Main","50","2","50"
"1657","3206","3","10","Main","50","2","50"
"1658","3207","3","10","Main","50","2","50"
"1659","3208","3","10","Main","50","2","50"
"1660","3209","3","10","Main","50","2","50"
"1661","3210","3","10","Main","50","2","50"
"1662","3211","3","10","Main","50","2","50"
"1663","3212","3","10","Main","50","2","50"
"1664","3213","3","10","Main","50","2","50"
"1665","3214","3","10","Main","50","2","50"
"1666","3215","3","10","Main","50","2","50"
"1667","3216","3","10","Main","50","2","50"
"1668","3217","3","10","Main","50","2","50"
"1669","3218","3","10","Main","50","2","50"
"1670","3219","3","10","Main","50","2","50"
"1671","3220","3","10","Main","50","2","50"
"1672","3201","3","11","Main","50","2","50"
"1673","3202","3","11","Main","50","2","50"
"1674","3203","3","11","Main","50","2","50"
"1675","3204","3","11","Main","50","2","50"
"1676","3205","3","11","Main","50","2","50"
"1677","3206","3","11","Main","50","2","50"
"1678","3207","3","11","Main","50","2","50"
"1679","3208","3","11","Main","50","2","50"
"1680","3209","3","11","Main","50","2","50"
"1681","3210","3","11","Main","50","2","50"
"1682","3211","3","11","Main","50","2","50"
"1683","3212","3","11","Main","50","2","50"
"1684","3213","3","11","Main","50","2","50"
"1685","3214","3","11","Main","50","2","50"
"1686","3215","3","11","Main","50","2","50"
"1687","3216","3","11","Main","50","2","50"
"1688","3217","3","11","Main","50","2","50"
"1689","3218","3","11","Main","50","2","50"
"1690","3219","3","11","Main","50","2","50"
"1691","3220","3","11","Main","50","2","50"
"1692","3201","3","12","Main","50","2","50"
"1693","3202","3","12","Main","50","2","50"
"1694","3203","3","12","Main","50","2","50"
"1695","3204","3","12","Main","50","2","50"
"1696","3205","3","12","Main","50","2","50"
"1697","3206","3","12","Main","50","2","50"
"1698","3207","3","12","Main","50","2","50"
"1699","3208","3","12","Main","50","2","50"
"1700","3209","3","12","Main","50","2","50"
"1701","3210","3","12","Main","50","2","50"
"1702","3211","3","12","Main","50","2","50"
"1703","3212","3","12","Main","50","2","50"
"1704","3213","3","12","Main","50","2","50"
"1705","3214","3","12","Main","50","2","50"
"1706","3215","3","12","Main","50","2","50"
"1707","3216","3","12","Main","50","2","50"
"1708","3217","3","12","Main","50","2","50"
"1709","3218","3","12","Main","50","2","50"
"1710","3219","3","12","Main","50","2","50"
"1711","3220","3","12","Main","50","2","50"
"1712","4201","4","2","Main","50","2","50"
"1713","4202","4","2","Main","50","2","50"
"1714","4203","4","2","Main","50","2","50"
"1715","4204","4","2","Main","50","2","50"
"1716","4205","4","2","Main","50","2","50"
"1717","4206","4","2","Main","50","2","50"
"1718","4207","4","2","Main","50","2","50"
"1719","4208","4","2","Main","50","2","50"
"1720","4209","4","2","Main","50","2","50"
"1721","4210","4","2","Main","50","2","50"
"1722","4211","4","2","Main","50","2","50"
"1723","4212","4","2","Main","50","2","50"
"1724","4213","4","2","Main","50","2","50"
"1725","4214","4","2","Main","50","2","50"
"1726","4215","4","2","Main","50","2","50"
"1727","4216","4","2","Main","50","2","50"
"1728","4217","4","2","Main","50","2","50"
"1729","4218","4","2","Main","50","2","50"
"1730","4219","4","2","Main","50","2","50"
"1731","4220","4","2","Main","50","2","50"
"1732","4201","4","3","Main","50","2","50"
"1733","4202","4","3","Main","50","2","50"
"1734","4203","4","3","Main","50","2","50"
"1735","4204","4","3","Main","50","2","50"
"1736","4205","4","3","Main","50","2","50"
"1737","4206","4","3","Main","50","2","50"
"1738","4207","4","3","Main","50","2","50"
"1739","4208","4","3","Main","50","2","50"
"1740","4209","4","3","Main","50","2","50"
"1741","4210","4","3","Main","50","2","50"
"1742","4211","4","3","Main","50","2","50"
"1743","4212","4","3","Main","50","2","50"
"1744","4213","4","3","Main","50","2","50"
"1745","4214","4","3","Main","50","2","50"
"1746","4215","4","3","Main","50","2","50"
"1747","4216","4","3","Main","50","2","50"
"1748","4217","4","3","Main","50","2","50"
"1749","4218","4","3","Main","50","2","50"
"1750","4219","4","3","Main","50","2","50"
"1751","4220","4","3","Main","50","2","50"
"1752","4201","4","4","Main","50","2","50"
"1753","4202","4","4","Main","50","2","50"
"1754","4203","4","4","Main","50","2","50"
"1755","4204","4","4","Main","50","2","50"
"1756","4205","4","4","Main","50","2","50"
"1757","4206","4","4","Main","50","2","50"
"1758","4207","4","4","Main","50","2","50"
"1759","4208","4","4","Main","50","2","50"
"1760","4209","4","4","Main","50","2","50"
"1761","4210","4","4","Main","50","2","50"
"1762","4211","4","4","Main","50","2","50"
"1763","4212","4","4","Main","50","2","50"
"1764","4213","4","4","Main","50","2","50"
"1765","4214","4","4","Main","50","2","50"
"1766","4215","4","4","Main","50","2","50"
"1767","4216","4","4","Main","50","2","50"
"1768","4217","4","4","Main","50","2","50"
"1769","4218","4","4","Main","50","2","50"
"1770","4219","4","4","Main","50","2","50"
"1771","4220","4","4","Main","50","2","50"
"1772","4201","4","5","Main","50","2","50"
"1773","4202","4","5","Main","50","2","50"
"1774","4203","4","5","Main","50","2","50"
"1775","4204","4","5","Main","50","2","50"
"1776","4205","4","5","Main","50","2","50"
"1777","4206","4","5","Main","50","2","50"
"1778","4207","4","5","Main","50","2","50"
"1779","4208","4","5","Main","50","2","50"
"1780","4209","4","5","Main","50","2","50"
"1781","4210","4","5","Main","50","2","50"
"1782","4211","4","5","Main","50","2","50"
"1783","4212","4","5","Main","50","2","50"
"1784","4213","4","5","Main","50","2","50"
"1785","4214","4","5","Main","50","2","50"
"1786","4215","4","5","Main","50","2","50"
"1787","4216","4","5","Main","50","2","50"
"1788","4217","4","5","Main","50","2","50"
"1789","4218","4","5","Main","50","2","50"
"1790","4219","4","5","Main","50","2","50"
"1791","4220","4","5","Main","50","2","50"
"1792","4201","4","6","Main","50","2","50"
"1793","4202","4","6","Main","50","2","50"
"1794","4203","4","6","Main","50","2","50"
"1795","4204","4","6","Main","50","2","50"
"1796","4205","4","6","Main","50","2","50"
"1797","4206","4","6","Main","50","2","50"
"1798","4207","4","6","Main","50","2","50"
"1799","4208","4","6","Main","50","2","50"
"1800","4209","4","6","Main","50","2","50"
"1801","4210","4","6","Main","50","2","50"
"1802","4211","4","6","Main","50","2","50"
"1803","4212","4","6","Main","50","2","50"
"1804","4213","4","6","Main","50","2","50"
"1805","4214","4","6","Main","50","2","50"
"1806","4215","4","6","Main","50","2","50"
"1807","4216","4","6","Main","50","2","50"
"1808","4217","4","6","Main","50","2","50"
"1809","4218","4","6","Main","50","2","50"
"1810","4219","4","6","Main","50","2","50"
"1811","4220","4","6","Main","50","2","50"
"1812","4201","4","7","Main","50","2","50"
"1813","4202","4","7","Main","50","2","50"
"1814","4203","4","7","Main","50","2","50"
"1815","4204","4","7","Main","50","2","50"
"1816","4205","4","7","Main","50","2","50"
"1817","4206","4","7","Main","50","2","50"
"1818","4207","4","7","Main","50","2","50"
"1819","4208","4","7","Main","50","2","50"
"1820","4209","4","7","Main","50","2","50"
"1821","4210","4","7","Main","50","2","50"
"1822","4211","4","7","Main","50","2","50"
"1823","4212","4","7","Main","50","2","50"
"1824","4213","4","7","Main","50","2","50"
"1825","4214","4","7","Main","50","2","50"
"1826","4215","4","7","Main","50","2","50"
"1827","4216","4","7","Main","50","2","50"
"1828","4217","4","7","Main","50","2","50"
"1829","4218","4","7","Main","50","2","50"
"1830","4219","4","7","Main","50","2","50"
"1831","4220","4","7","Main","50","2","50"
"1832","4201","4","8","Main","50","2","50"
"1833","4202","4","8","Main","50","2","50"
"1834","4203","4","8","Main","50","2","50"
"1835","4204","4","8","Main","50","2","50"
"1836","4205","4","8","Main","50","2","50"
"1837","4206","4","8","Main","50","2","50"
"1838","4207","4","8","Main","50","2","50"
"1839","4208","4","8","Main","50","2","50"
"1840","4209","4","8","Main","50","2","50"
"1841","4210","4","8","Main","50","2","50"
"1842","4211","4","8","Main","50","2","50"
"1843","4212","4","8","Main","50","2","50"
"1844","4213","4","8","Main","50","2","50"
"1845","4214","4","8","Main","50","2","50"
"1846","4215","4","8","Main","50","2","50"
"1847","4216","4","8","Main","50","2","50"
"1848","4217","4","8","Main","50","2","50"
"1849","4218","4","8","Main","50","2","50"
"1850","4219","4","8","Main","50","2","50"
"1851","4220","4","8","Main","50","2","50"
"1852","4201","4","9","Main","50","2","50"
"1853","4202","4","9","Main","50","2","50"
"1854","4203","4","9","Main","50","2","50"
"1855","4204","4","9","Main","50","2","50"
"1856","4205","4","9","Main","50","2","50"
"1857","4206","4","9","Main","50","2","50"
"1858","4207","4","9","Main","50","2","50"
"1859","4208","4","9","Main","50","2","50"
"1860","4209","4","9","Main","50","2","50"
"1861","4210","4","9","Main","50","2","50"
"1862","4211","4","9","Main","50","2","50"
"1863","4212","4","9","Main","50","2","50"
"1864","4213","4","9","Main","50","2","50"
"1865","4214","4","9","Main","50","2","50"
"1866","4215","4","9","Main","50","2","50"
"1867","4216","4","9","Main","50","2","50"
"1868","4217","4","9","Main","50","2","50"
"1869","4218","4","9","Main","50","2","50"
"1870","4219","4","9","Main","50","2","50"
"1871","4220","4","9","Main","50","2","50"
"1872","4201","4","10","Main","50","2","50"
"1873","4202","4","10","Main","50","2","50"
"1874","4203","4","10","Main","50","2","50"
"1875","4204","4","10","Main","50","2","50"
"1876","4205","4","10","Main","50","2","50"
"1877","4206","4","10","Main","50","2","50"
"1878","4207","4","10","Main","50","2","50"
"1879","4208","4","10","Main","50","2","50"
"1880","4209","4","10","Main","50","2","50"
"1881","4210","4","10","Main","50","2","50"
"1882","4211","4","10","Main","50","2","50"
"1883","4212","4","10","Main","50","2","50"
"1884","4213","4","10","Main","50","2","50"
"1885","4214","4","10","Main","50","2","50"
"1886","4215","4","10","Main","50","2","50"
"1887","4216","4","10","Main","50","2","50"
"1888","4217","4","10","Main","50","2","50"
"1889","4218","4","10","Main","50","2","50"
"1890","4219","4","10","Main","50","2","50"
"1891","4220","4","10","Main","50","2","50"
"1892","4201","4","11","Main","50","2","50"
"1893","4202","4","11","Main","50","2","50"
"1894","4203","4","11","Main","50","2","50"
"1895","4204","4","11","Main","50","2","50"
"1896","4205","4","11","Main","50","2","50"
"1897","4206","4","11","Main","50","2","50"
"1898","4207","4","11","Main","50","2","50"
"1899","4208","4","11","Main","50","2","50"
"1900","4209","4","11","Main","50","2","50"
"1901","4210","4","11","Main","50","2","50"
"1902","4211","4","11","Main","50","2","50"
"1903","4212","4","11","Main","50","2","50"
"1904","4213","4","11","Main","50","2","50"
"1905","4214","4","11","Main","50","2","50"
"1906","4215","4","11","Main","50","2","50"
"1907","4216","4","11","Main","50","2","50"
"1908","4217","4","11","Main","50","2","50"
"1909","4218","4","11","Main","50","2","50"
"1910","4219","4","11","Main","50","2","50"
"1911","4220","4","11","Main","50","2","50"
"1912","4201","4","12","Main","50","2","50"
"1913","4202","4","12","Main","50","2","50"
"1914","4203","4","12","Main","50","2","50"
"1915","4204","4","12","Main","50","2","50"
"1916","4205","4","12","Main","50","2","50"
"1917","4206","4","12","Main","50","2","50"
"1918","4207","4","12","Main","50","2","50"
"1919","4208","4","12","Main","50","2","50"
"1920","4209","4","12","Main","50","2","50"
"1921","4210","4","12","Main","50","2","50"
"1922","4211","4","12","Main","50","2","50"
"1923","4212","4","12","Main","50","2","50"
"1924","4213","4","12","Main","50","2","50"
"1925","4214","4","12","Main","50","2","50"
"1926","4215","4","12","Main","50","2","50"
"1927","4216","4","12","Main","50","2","50"
"1928","4217","4","12","Main","50","2","50"
"1929","4218","4","12","Main","50","2","50"
"1930","4219","4","12","Main","50","2","50"
"1931","4220","4","12","Main","50","2","50"
