"id","room_name","location","department_id","branch"
"1","201","2nd Floor","1","Main"
"3","202","2nd Floor","1","Main"
"4","203","2nd Floor","1","Main"
"8","204","2nd Floor","1","Main"
"9","205","2nd Floor","1","Main"
"10","206","2nd Floor","1","Main"
"11","207","2nd Floor","1","Main"
"12","208","2nd Floor","1","Main"
"13","209","2nd Floor","1","Main"
"14","210","2nd Floor","1","Main"
"15","211","2nd Floor","1","Main"
"16","212","2nd Floor","1","Main"
"17","213","2nd Floor","1","Main"
"18","214","2nd Floor","1","Main"
"19","215","2nd Floor","1","Main"
"20","216","2nd Floor","1","Main"
"21","217","2nd Floor","1","Main"
"22","218","2nd Floor","1","Main"
"23","219","2nd Floor","1","Main"
"24","220","2nd Floor","1","Main"
"25","301","3rd Floor","1","Main"
"26","302","3rd Floor","1","Main"
"27","303","3rd Floor","1","Main"
"28","304","3rd Floor","1","Main"
"29","305","3rd Floor","1","Main"
"30","306","3rd Floor","1","Main"
"31","307","3rd Floor","1","Main"
"32","308","3rd Floor","1","Main"
"33","309","3rd Floor","1","Main"
"34","310","3rd Floor","1","Main"
"35","311","3rd Floor","1","Main"
"36","312","3rd Floor","1","Main"
"37","313","3rd Floor","1","Main"
"38","314","3rd Floor","1","Main"
"39","315","3rd Floor","1","Main"
"40","316","3rd Floor","1","Main"
"41","317","3rd Floor","1","Main"
"42","318","3rd Floor","1","Main"
"43","319","3rd Floor","1","Main"
"44","320","3rd Floor","1","Main"
"45","401","4th Floor","1","Main"
"46","402","4th Floor","1","Main"
"47","403","4th Floor","1","Main"
"48","404","4th Floor","1","Main"
"49","405","4th Floor","1","Main"
"50","406","4th Floor","1","Main"
"51","407","4th Floor","1","Main"
"52","408","4th Floor","1","Main"
"53","409","4th Floor","1","Main"
"55","410","4th Floor","1","Main"
"56","411","4th Floor","1","Main"
"57","412","4th Floor","1","Main"
"58","413","4th Floor","1","Main"
"59","415","4th Floor","1","Main"
"60","416","4th Floor","1","Main"
"61","417","4th Floor","1","Main"
"62","418","4th Floor","1","Main"
"63","419","4th Floor","1","Main"
"64","420","4th Floor","1","Main"
"65","501","5th Floor","1","Main"
"66","502","5th Floor","1","Main"
"67","503","5th Floor","1","Main"
"68","506","5th Floor","1","Main"
"69","507","5th Floor","1","Main"
"70","508","5th Floor","1","Main"
"71","509","5th Floor","1","Main"
"72","510","5th Floor","1","Main"
"73","511","5th Floor","1","Main"
"74","512","5th Floor","1","Main"
"75","513","5th Floor","1","Main"
"76","514","5th Floor","1","Main"
"77","515","5th Floor","1","Main"
"78","516","5th Floor","1","Main"
"79","517","5th Floor","1","Main"
"80","518","5th Floor","1","Main"
"81","519","5th Floor","1","Main"
"82","520","5th Floor","1","Main"
"83","201","2nd Floor","2","Main"
"84","202","2nd Floor","2","Main"
"85","203","2nd Floor","2","Main"
"86","204","2nd Floor","2","Main"
"87","205","2nd Floor","2","Main"
"88","206","2nd Floor","2","Main"
"89","207","2nd Floor","2","Main"
"90","208","2nd Floor","2","Main"
"91","209","2nd Floor","2","Main"
"92","210","2nd Floor","2","Main"
"93","211","2nd Floor","2","Main"
"94","212","2nd Floor","2","Main"
"95","213","2nd Floor","2","Main"
"96","214","2nd Floor","2","Main"
"97","215","2nd Floor","2","Main"
"98","216","2nd Floor","2","Main"
"99","217","2nd Floor","2","Main"
"100","218","2nd Floor","2","Main"
"101","219","2nd Floor","2","Main"
"102","220","2nd Floor","2","Main"
"103","301","3rd Floor","2","Main"
"104","302","3rd Floor","2","Main"
"105","303","3rd Floor","2","Main"
"106","304","3rd Floor","2","Main"
"107","305","3rd Floor","2","Main"
"108","306","3rd Floor","2","Main"
"109","307","3rd Floor","2","Main"
"110","308","3rd Floor","2","Main"
"111","309","3rd Floor","2","Main"
"112","310","3rd Floor","2","Main"
"113","311","3rd Floor","2","Main"
"114","312","3rd Floor","2","Main"
"115","313","3rd Floor","2","Main"
"116","314","3rd Floor","2","Main"
"117","315","3rd Floor","2","Main"
"118","316","3rd Floor","2","Main"
"119","317","3rd Floor","2","Main"
"120","318","3rd Floor","2","Main"
"121","319","3rd Floor","2","Main"
"122","320","3rd Floor","2","Main"
"123","401","4th Floor","2","Main"
"124","402","4th Floor","2","Main"
"125","403","4th Floor","2","Main"
"126","404","4th Floor","2","Main"
"127","405","4th Floor","2","Main"
"128","406","4th Floor","2","Main"
"129","407","4th Floor","2","Main"
"130","408","4th Floor","2","Main"
"131","409","4th Floor","2","Main"
"132","410","4th Floor","2","Main"
"133","411","4th Floor","2","Main"
"134","412","4th Floor","2","Main"
"135","413","4th Floor","2","Main"
"136","414","4th Floor","2","Main"
"137","415","4th Floor","2","Main"
"138","416","4th Floor","2","Main"
"139","417","4th Floor","2","Main"
"140","418","4th Floor","2","Main"
"141","419","4th Floor","2","Main"
"142","420","4th Floor","2","Main"
"143","501","5th Floor","2","Main"
"144","502","5th Floor","2","Main"
"145","503","5th Floor","2","Main"
"146","504","5th Floor","2","Main"
"147","505","5th Floor","2","Main"
"148","506","5th Floor","2","Main"
"149","507","5th Floor","2","Main"
"150","508","5th Floor","2","Main"
"151","509","5th Floor","2","Main"
"152","510","5th Floor","2","Main"
"153","511","5th Floor","2","Main"
"154","512","5th Floor","2","Main"
"155","513","5th Floor","2","Main"
"156","514","5th Floor","2","Main"
"157","515","5th Floor","2","Main"
"158","516","5th Floor","2","Main"
"159","517","5th Floor","2","Main"
"160","518","5th Floor","2","Main"
"161","519","5th Floor","2","Main"
"162","520","5th Floor","2","Main"
"163","201","2nd Floor","3","Main"
"164","202","2nd Floor","3","Main"
"165","203","2nd Floor","3","Main"
"166","204","2nd Floor","3","Main"
"167","205","2nd Floor","3","Main"
"168","206","2nd Floor","3","Main"
"169","207","2nd Floor","3","Main"
"170","208","2nd Floor","3","Main"
"171","209","2nd Floor","3","Main"
"172","210","2nd Floor","3","Main"
"173","211","2nd Floor","3","Main"
"174","212","2nd Floor","3","Main"
"175","213","2nd Floor","3","Main"
"176","214","2nd Floor","3","Main"
"177","215","2nd Floor","3","Main"
"178","216","2nd Floor","3","Main"
"179","217","2nd Floor","3","Main"
"180","218","2nd Floor","3","Main"
"181","219","2nd Floor","3","Main"
"182","220","2nd Floor","3","Main"
"183","301","3rd Floor","3","Main"
"184","302","3rd Floor","3","Main"
"185","303","3rd Floor","3","Main"
"186","304","3rd Floor","3","Main"
"187","305","3rd Floor","3","Main"
"188","306","3rd Floor","3","Main"
"189","307","3rd Floor","3","Main"
"190","308","3rd Floor","3","Main"
"191","309","3rd Floor","3","Main"
"192","310","3rd Floor","3","Main"
"193","311","3rd Floor","3","Main"
"194","312","3rd Floor","3","Main"
"195","313","3rd Floor","3","Main"
"196","314","3rd Floor","3","Main"
"197","315","3rd Floor","3","Main"
"198","316","3rd Floor","3","Main"
"199","317","3rd Floor","3","Main"
"200","318","3rd Floor","3","Main"
"201","319","3rd Floor","3","Main"
"202","320","3rd Floor","3","Main"
"203","401","4th Floor","3","Main"
"204","402","4th Floor","3","Main"
"205","403","4th Floor","3","Main"
"206","404","4th Floor","3","Main"
"207","405","4th Floor","3","Main"
"208","406","4th Floor","3","Main"
"209","407","4th Floor","3","Main"
"210","408","4th Floor","3","Main"
"211","409","4th Floor","3","Main"
"212","410","4th Floor","3","Main"
"213","411","4th Floor","3","Main"
"214","412","4th Floor","3","Main"
"215","413","4th Floor","3","Main"
"216","414","4th Floor","3","Main"
"217","415","4th Floor","3","Main"
"218","416","4th Floor","3","Main"
"219","417","4th Floor","3","Main"
"220","418","4th Floor","3","Main"
"221","419","4th Floor","3","Main"
"222","420","4th Floor","3","Main"
"223","501","5th Floor","3","Main"
"224","502","5th Floor","3","Main"
"225","503","5th Floor","3","Main"
"226","504","5th Floor","3","Main"
"227","505","5th Floor","3","Main"
"228","506","5th Floor","3","Main"
"229","507","5th Floor","3","Main"
"230","508","5th Floor","3","Main"
"231","509","5th Floor","3","Main"
"232","510","5th Floor","3","Main"
"233","511","5th Floor","3","Main"
"234","512","5th Floor","3","Main"
"235","513","5th Floor","3","Main"
"236","514","5th Floor","3","Main"
"237","515","5th Floor","3","Main"
"238","516","5th Floor","3","Main"
"239","517","5th Floor","3","Main"
"240","518","5th Floor","3","Main"
"241","519","5th Floor","3","Main"
"242","520","5th Floor","3","Main"
"243","201","2nd Floor","4","Main"
"244","202","2nd Floor","4","Main"
"245","203","2nd Floor","4","Main"
"246","204","2nd Floor","4","Main"
"247","205","2nd Floor","4","Main"
"248","206","2nd Floor","4","Main"
"249","207","2nd Floor","4","Main"
"250","208","2nd Floor","4","Main"
"251","209","2nd Floor","4","Main"
"252","210","2nd Floor","4","Main"
"253","211","2nd Floor","4","Main"
"254","212","2nd Floor","4","Main"
"255","213","2nd Floor","4","Main"
"256","214","2nd Floor","4","Main"
"257","215","2nd Floor","4","Main"
"258","216","2nd Floor","4","Main"
"259","217","2nd Floor","4","Main"
"260","218","2nd Floor","4","Main"
"261","219","2nd Floor","4","Main"
"262","220","2nd Floor","4","Main"
"263","301","3rd Floor","4","Main"
"264","302","3rd Floor","4","Main"
"265","303","3rd Floor","4","Main"
"266","304","3rd Floor","4","Main"
"267","305","3rd Floor","4","Main"
"268","306","3rd Floor","4","Main"
"269","307","3rd Floor","4","Main"
"270","308","3rd Floor","4","Main"
"271","309","3rd Floor","4","Main"
"272","310","3rd Floor","4","Main"
"273","311","3rd Floor","4","Main"
"274","312","3rd Floor","4","Main"
"275","313","3rd Floor","4","Main"
"276","314","3rd Floor","4","Main"
"277","315","3rd Floor","4","Main"
"278","316","3rd Floor","4","Main"
"279","317","3rd Floor","4","Main"
"280","318","3rd Floor","4","Main"
"281","319","3rd Floor","4","Main"
"282","320","3rd Floor","4","Main"
"283","401","4th Floor","4","Main"
"284","402","4th Floor","4","Main"
"285","403","4th Floor","4","Main"
"286","404","4th Floor","4","Main"
"287","405","4th Floor","4","Main"
"288","406","4th Floor","4","Main"
"289","407","4th Floor","4","Main"
"290","408","4th Floor","4","Main"
"291","409","4th Floor","4","Main"
"292","410","4th Floor","4","Main"
"293","411","4th Floor","4","Main"
"294","412","4th Floor","4","Main"
"295","413","4th Floor","4","Main"
"296","414","4th Floor","4","Main"
"297","415","4th Floor","4","Main"
"298","416","4th Floor","4","Main"
"299","417","4th Floor","4","Main"
"300","418","4th Floor","4","Main"
"301","419","4th Floor","4","Main"
"302","420","4th Floor","4","Main"
"303","501","5th Floor","4","Main"
"304","502","5th Floor","4","Main"
"305","503","5th Floor","4","Main"
"306","504","5th Floor","4","Main"
"307","505","5th Floor","4","Main"
"308","506","5th Floor","4","Main"
"309","507","5th Floor","4","Main"
"310","508","5th Floor","4","Main"
"311","509","5th Floor","4","Main"
"312","510","5th Floor","4","Main"
"313","511","5th Floor","4","Main"
"314","512","5th Floor","4","Main"
"315","513","5th Floor","4","Main"
"316","514","5th Floor","4","Main"
"317","515","5th Floor","4","Main"
"318","516","5th Floor","4","Main"
"319","517","5th Floor","4","Main"
"320","518","5th Floor","4","Main"
"321","519","5th Floor","4","Main"
"322","520","5th Floor","4","Main"
"323","201","2nd Floor","5","Main"
"324","202","2nd Floor","5","Main"
"325","203","2nd Floor","5","Main"
"326","204","2nd Floor","5","Main"
"327","205","2nd Floor","5","Main"
"328","206","2nd Floor","5","Main"
"329","207","2nd Floor","5","Main"
"330","208","2nd Floor","5","Main"
"331","209","2nd Floor","5","Main"
"332","210","2nd Floor","5","Main"
"333","211","2nd Floor","5","Main"
"334","212","2nd Floor","5","Main"
"335","213","2nd Floor","5","Main"
"336","214","2nd Floor","5","Main"
"337","215","2nd Floor","5","Main"
"338","216","2nd Floor","5","Main"
"339","217","2nd Floor","5","Main"
"340","218","2nd Floor","5","Main"
"341","219","2nd Floor","5","Main"
"342","220","2nd Floor","5","Main"
"343","301","3rd Floor","5","Main"
"344","302","3rd Floor","5","Main"
"345","303","3rd Floor","5","Main"
"346","304","3rd Floor","5","Main"
"347","305","3rd Floor","5","Main"
"348","306","3rd Floor","5","Main"
"349","307","3rd Floor","5","Main"
"350","308","3rd Floor","5","Main"
"351","309","3rd Floor","5","Main"
"352","310","3rd Floor","5","Main"
"353","311","3rd Floor","5","Main"
"354","312","3rd Floor","5","Main"
"355","313","3rd Floor","5","Main"
"356","314","3rd Floor","5","Main"
"357","315","3rd Floor","5","Main"
"358","316","3rd Floor","5","Main"
"359","317","3rd Floor","5","Main"
"360","318","3rd Floor","5","Main"
"361","319","3rd Floor","5","Main"
"362","320","3rd Floor","5","Main"
"363","401","4th Floor","5","Main"
"364","402","4th Floor","5","Main"
"365","403","4th Floor","5","Main"
"366","404","4th Floor","5","Main"
"367","405","4th Floor","5","Main"
"368","406","4th Floor","5","Main"
"369","407","4th Floor","5","Main"
"370","408","4th Floor","5","Main"
"371","409","4th Floor","5","Main"
"372","410","4th Floor","5","Main"
"373","411","4th Floor","5","Main"
"374","412","4th Floor","5","Main"
"375","413","4th Floor","5","Main"
"376","414","4th Floor","5","Main"
"377","415","4th Floor","5","Main"
"378","416","4th Floor","5","Main"
"379","417","4th Floor","5","Main"
"380","418","4th Floor","5","Main"
"381","419","4th Floor","5","Main"
"382","420","4th Floor","5","Main"
"383","501","5th Floor","5","Main"
"384","502","5th Floor","5","Main"
"385","503","5th Floor","5","Main"
"386","504","5th Floor","5","Main"
"387","505","5th Floor","5","Main"
"388","506","5th Floor","5","Main"
"389","507","5th Floor","5","Main"
"390","508","5th Floor","5","Main"
"391","509","5th Floor","5","Main"
"392","510","5th Floor","5","Main"
"393","511","5th Floor","5","Main"
"394","512","5th Floor","5","Main"
"395","513","5th Floor","5","Main"
"396","514","5th Floor","5","Main"
"397","515","5th Floor","5","Main"
"398","516","5th Floor","5","Main"
"399","517","5th Floor","5","Main"
"400","518","5th Floor","5","Main"
"401","519","5th Floor","5","Main"
"402","520","5th Floor","5","Main"
"403","201","2nd Floor","6","Main"
"404","202","2nd Floor","6","Main"
"405","203","2nd Floor","6","Main"
"406","204","2nd Floor","6","Main"
"407","205","2nd Floor","6","Main"
"408","206","2nd Floor","6","Main"
"409","207","2nd Floor","6","Main"
"410","208","2nd Floor","6","Main"
"411","209","2nd Floor","6","Main"
"412","210","2nd Floor","6","Main"
"413","211","2nd Floor","6","Main"
"414","212","2nd Floor","6","Main"
"415","213","2nd Floor","6","Main"
"416","214","2nd Floor","6","Main"
"417","215","2nd Floor","6","Main"
"418","216","2nd Floor","6","Main"
"419","217","2nd Floor","6","Main"
"420","218","2nd Floor","6","Main"
"421","219","2nd Floor","6","Main"
"422","220","2nd Floor","6","Main"
"423","301","3rd Floor","6","Main"
"424","302","3rd Floor","6","Main"
"425","303","3rd Floor","6","Main"
"426","304","3rd Floor","6","Main"
"427","305","3rd Floor","6","Main"
"428","306","3rd Floor","6","Main"
"429","307","3rd Floor","6","Main"
"430","308","3rd Floor","6","Main"
"431","309","3rd Floor","6","Main"
"432","310","3rd Floor","6","Main"
"433","311","3rd Floor","6","Main"
"434","312","3rd Floor","6","Main"
"435","313","3rd Floor","6","Main"
"436","314","3rd Floor","6","Main"
"437","315","3rd Floor","6","Main"
"438","316","3rd Floor","6","Main"
"439","317","3rd Floor","6","Main"
"440","318","3rd Floor","6","Main"
"441","319","3rd Floor","6","Main"
"442","320","3rd Floor","6","Main"
"443","401","4th Floor","6","Main"
"444","402","4th Floor","6","Main"
"445","403","4th Floor","6","Main"
"446","404","4th Floor","6","Main"
"447","405","4th Floor","6","Main"
"448","406","4th Floor","6","Main"
"449","407","4th Floor","6","Main"
"450","408","4th Floor","6","Main"
"451","409","4th Floor","6","Main"
"452","410","4th Floor","6","Main"
"453","411","4th Floor","6","Main"
"454","412","4th Floor","6","Main"
"455","413","4th Floor","6","Main"
"456","414","4th Floor","6","Main"
"457","415","4th Floor","6","Main"
"458","416","4th Floor","6","Main"
"459","417","4th Floor","6","Main"
"460","418","4th Floor","6","Main"
"461","419","4th Floor","6","Main"
"462","420","4th Floor","6","Main"
"463","501","5th Floor","6","Main"
"464","502","5th Floor","6","Main"
"465","503","5th Floor","6","Main"
"466","504","5th Floor","6","Main"
"467","505","5th Floor","6","Main"
"468","506","5th Floor","6","Main"
"469","507","5th Floor","6","Main"
"470","508","5th Floor","6","Main"
"471","509","5th Floor","6","Main"
"472","510","5th Floor","6","Main"
"473","511","5th Floor","6","Main"
"474","512","5th Floor","6","Main"
"475","513","5th Floor","6","Main"
"476","514","5th Floor","6","Main"
"477","515","5th Floor","6","Main"
"478","516","5th Floor","6","Main"
"479","517","5th Floor","6","Main"
"480","518","5th Floor","6","Main"
"481","519","5th Floor","6","Main"
"482","520","5th Floor","6","Main"
"483","201","2nd Floor","7","Main"
"484","202","2nd Floor","7","Main"
"485","203","2nd Floor","7","Main"
"486","204","2nd Floor","7","Main"
"487","205","2nd Floor","7","Main"
"488","206","2nd Floor","7","Main"
"489","207","2nd Floor","7","Main"
"490","208","2nd Floor","7","Main"
"491","209","2nd Floor","7","Main"
"492","210","2nd Floor","7","Main"
"493","211","2nd Floor","7","Main"
"494","212","2nd Floor","7","Main"
"495","213","2nd Floor","7","Main"
"496","214","2nd Floor","7","Main"
"497","215","2nd Floor","7","Main"
"498","216","2nd Floor","7","Main"
"499","217","2nd Floor","7","Main"
"500","218","2nd Floor","7","Main"
"501","219","2nd Floor","7","Main"
"502","220","2nd Floor","7","Main"
"503","301","3rd Floor","7","Main"
"504","302","3rd Floor","7","Main"
"505","303","3rd Floor","7","Main"
"506","304","3rd Floor","7","Main"
"507","305","3rd Floor","7","Main"
"508","306","3rd Floor","7","Main"
"509","307","3rd Floor","7","Main"
"510","308","3rd Floor","7","Main"
"511","309","3rd Floor","7","Main"
"512","310","3rd Floor","7","Main"
"513","311","3rd Floor","7","Main"
"514","312","3rd Floor","7","Main"
"515","313","3rd Floor","7","Main"
"516","314","3rd Floor","7","Main"
"517","315","3rd Floor","7","Main"
"518","316","3rd Floor","7","Main"
"519","317","3rd Floor","7","Main"
"520","318","3rd Floor","7","Main"
"521","319","3rd Floor","7","Main"
"522","320","3rd Floor","7","Main"
"523","401","4th Floor","7","Main"
"524","402","4th Floor","7","Main"
"525","403","4th Floor","7","Main"
"526","404","4th Floor","7","Main"
"527","405","4th Floor","7","Main"
"528","406","4th Floor","7","Main"
"529","407","4th Floor","7","Main"
"530","408","4th Floor","7","Main"
"531","409","4th Floor","7","Main"
"532","410","4th Floor","7","Main"
"533","411","4th Floor","7","Main"
"534","412","4th Floor","7","Main"
"535","413","4th Floor","7","Main"
"536","414","4th Floor","7","Main"
"537","415","4th Floor","7","Main"
"538","416","4th Floor","7","Main"
"539","417","4th Floor","7","Main"
"540","418","4th Floor","7","Main"
"541","419","4th Floor","7","Main"
"542","420","4th Floor","7","Main"
"543","501","5th Floor","7","Main"
"544","502","5th Floor","7","Main"
"545","503","5th Floor","7","Main"
"546","504","5th Floor","7","Main"
"547","505","5th Floor","7","Main"
"548","506","5th Floor","7","Main"
"549","507","5th Floor","7","Main"
"550","508","5th Floor","7","Main"
"551","509","5th Floor","7","Main"
"552","510","5th Floor","7","Main"
"553","511","5th Floor","7","Main"
"554","512","5th Floor","7","Main"
"555","513","5th Floor","7","Main"
"556","514","5th Floor","7","Main"
"557","515","5th Floor","7","Main"
"558","516","5th Floor","7","Main"
"559","517","5th Floor","7","Main"
"560","518","5th Floor","7","Main"
"561","519","5th Floor","7","Main"
"562","520","5th Floor","7","Main"
"563","201","2nd Floor","8","Main"
"564","202","2nd Floor","8","Main"
"565","203","2nd Floor","8","Main"
"566","204","2nd Floor","8","Main"
"567","205","2nd Floor","8","Main"
"568","206","2nd Floor","8","Main"
"569","207","2nd Floor","8","Main"
"570","208","2nd Floor","8","Main"
"571","209","2nd Floor","8","Main"
"572","210","2nd Floor","8","Main"
"573","211","2nd Floor","8","Main"
"574","212","2nd Floor","8","Main"
"575","213","2nd Floor","8","Main"
"576","214","2nd Floor","8","Main"
"577","215","2nd Floor","8","Main"
"578","216","2nd Floor","8","Main"
"579","217","2nd Floor","8","Main"
"580","218","2nd Floor","8","Main"
"581","219","2nd Floor","8","Main"
"582","220","2nd Floor","8","Main"
"583","301","3rd Floor","8","Main"
"584","302","3rd Floor","8","Main"
"585","303","3rd Floor","8","Main"
"586","304","3rd Floor","8","Main"
"587","305","3rd Floor","8","Main"
"588","306","3rd Floor","8","Main"
"589","307","3rd Floor","8","Main"
"590","308","3rd Floor","8","Main"
"591","309","3rd Floor","8","Main"
"592","310","3rd Floor","8","Main"
"593","311","3rd Floor","8","Main"
"594","312","3rd Floor","8","Main"
"595","313","3rd Floor","8","Main"
"596","314","3rd Floor","8","Main"
"597","315","3rd Floor","8","Main"
"598","316","3rd Floor","8","Main"
"599","317","3rd Floor","8","Main"
"600","318","3rd Floor","8","Main"
"601","319","3rd Floor","8","Main"
"602","320","3rd Floor","8","Main"
"603","401","4th Floor","8","Main"
"604","402","4th Floor","8","Main"
"605","403","4th Floor","8","Main"
"606","404","4th Floor","8","Main"
"607","405","4th Floor","8","Main"
"608","406","4th Floor","8","Main"
"609","407","4th Floor","8","Main"
"610","408","4th Floor","8","Main"
"611","409","4th Floor","8","Main"
"612","410","4th Floor","8","Main"
"613","411","4th Floor","8","Main"
"614","412","4th Floor","8","Main"
"615","413","4th Floor","8","Main"
"616","414","4th Floor","8","Main"
"617","415","4th Floor","8","Main"
"618","416","4th Floor","8","Main"
"619","417","4th Floor","8","Main"
"620","418","4th Floor","8","Main"
"621","419","4th Floor","8","Main"
"622","420","4th Floor","8","Main"
"623","501","5th Floor","8","Main"
"624","502","5th Floor","8","Main"
"625","503","5th Floor","8","Main"
"626","504","5th Floor","8","Main"
"627","505","5th Floor","8","Main"
"628","506","5th Floor","8","Main"
"629","507","5th Floor","8","Main"
"630","508","5th Floor","8","Main"
"631","509","5th Floor","8","Main"
"632","510","5th Floor","8","Main"
"633","511","5th Floor","8","Main"
"634","512","5th Floor","8","Main"
"635","513","5th Floor","8","Main"
"636","514","5th Floor","8","Main"
"637","515","5th Floor","8","Main"
"638","516","5th Floor","8","Main"
"639","517","5th Floor","8","Main"
"640","518","5th Floor","8","Main"
"641","519","5th Floor","8","Main"
"642","520","5th Floor","8","Main"
"643","201","2nd Floor","9","Main"
"644","202","2nd Floor","9","Main"
"645","203","2nd Floor","9","Main"
"646","204","2nd Floor","9","Main"
"647","205","2nd Floor","9","Main"
"648","206","2nd Floor","9","Main"
"649","207","2nd Floor","9","Main"
"650","208","2nd Floor","9","Main"
"651","209","2nd Floor","9","Main"
"652","210","2nd Floor","9","Main"
"653","211","2nd Floor","9","Main"
"654","212","2nd Floor","9","Main"
"655","213","2nd Floor","9","Main"
"656","214","2nd Floor","9","Main"
"657","215","2nd Floor","9","Main"
"658","216","2nd Floor","9","Main"
"659","217","2nd Floor","9","Main"
"660","218","2nd Floor","9","Main"
"661","219","2nd Floor","9","Main"
"662","220","2nd Floor","9","Main"
"663","301","3rd Floor","9","Main"
"664","302","3rd Floor","9","Main"
"665","303","3rd Floor","9","Main"
"666","304","3rd Floor","9","Main"
"667","305","3rd Floor","9","Main"
"668","306","3rd Floor","9","Main"
"669","307","3rd Floor","9","Main"
"670","308","3rd Floor","9","Main"
"671","309","3rd Floor","9","Main"
"672","310","3rd Floor","9","Main"
"673","311","3rd Floor","9","Main"
"674","312","3rd Floor","9","Main"
"675","313","3rd Floor","9","Main"
"676","314","3rd Floor","9","Main"
"677","315","3rd Floor","9","Main"
"678","316","3rd Floor","9","Main"
"679","317","3rd Floor","9","Main"
"680","318","3rd Floor","9","Main"
"681","319","3rd Floor","9","Main"
"682","320","3rd Floor","9","Main"
"683","401","4th Floor","9","Main"
"684","402","4th Floor","9","Main"
"685","403","4th Floor","9","Main"
"686","404","4th Floor","9","Main"
"687","405","4th Floor","9","Main"
"688","406","4th Floor","9","Main"
"689","407","4th Floor","9","Main"
"690","408","4th Floor","9","Main"
"691","409","4th Floor","9","Main"
"692","410","4th Floor","9","Main"
"693","411","4th Floor","9","Main"
"694","412","4th Floor","9","Main"
"695","413","4th Floor","9","Main"
"696","414","4th Floor","9","Main"
"697","415","4th Floor","9","Main"
"698","416","4th Floor","9","Main"
"699","417","4th Floor","9","Main"
"700","418","4th Floor","9","Main"
"701","419","4th Floor","9","Main"
"702","420","4th Floor","9","Main"
"703","501","5th Floor","9","Main"
"704","502","5th Floor","9","Main"
"705","503","5th Floor","9","Main"
"706","504","5th Floor","9","Main"
"707","505","5th Floor","9","Main"
"708","506","5th Floor","9","Main"
"709","507","5th Floor","9","Main"
"710","508","5th Floor","9","Main"
"711","509","5th Floor","9","Main"
"712","510","5th Floor","9","Main"
"713","511","5th Floor","9","Main"
"714","512","5th Floor","9","Main"
"715","513","5th Floor","9","Main"
"716","514","5th Floor","9","Main"
"717","515","5th Floor","9","Main"
"718","516","5th Floor","9","Main"
"719","517","5th Floor","9","Main"
"720","518","5th Floor","9","Main"
"721","519","5th Floor","9","Main"
"722","520","5th Floor","9","Main"
"723","201","2nd Floor","10","Main"
"724","202","2nd Floor","10","Main"
"725","203","2nd Floor","10","Main"
"726","204","2nd Floor","10","Main"
"727","205","2nd Floor","10","Main"
"728","206","2nd Floor","10","Main"
"729","207","2nd Floor","10","Main"
"730","208","2nd Floor","10","Main"
"731","209","2nd Floor","10","Main"
"732","210","2nd Floor","10","Main"
"733","211","2nd Floor","10","Main"
"734","212","2nd Floor","10","Main"
"735","213","2nd Floor","10","Main"
"736","214","2nd Floor","10","Main"
"737","215","2nd Floor","10","Main"
"738","216","2nd Floor","10","Main"
"739","217","2nd Floor","10","Main"
"740","218","2nd Floor","10","Main"
"741","219","2nd Floor","10","Main"
"742","220","2nd Floor","10","Main"
"743","301","3rd Floor","10","Main"
"744","302","3rd Floor","10","Main"
"745","303","3rd Floor","10","Main"
"746","304","3rd Floor","10","Main"
"747","305","3rd Floor","10","Main"
"748","306","3rd Floor","10","Main"
"749","307","3rd Floor","10","Main"
"750","308","3rd Floor","10","Main"
"751","309","3rd Floor","10","Main"
"752","310","3rd Floor","10","Main"
"753","311","3rd Floor","10","Main"
"754","312","3rd Floor","10","Main"
"755","313","3rd Floor","10","Main"
"756","314","3rd Floor","10","Main"
"757","315","3rd Floor","10","Main"
"758","316","3rd Floor","10","Main"
"759","317","3rd Floor","10","Main"
"760","318","3rd Floor","10","Main"
"761","319","3rd Floor","10","Main"
"762","320","3rd Floor","10","Main"
"763","401","4th Floor","10","Main"
"764","402","4th Floor","10","Main"
"765","403","4th Floor","10","Main"
"766","404","4th Floor","10","Main"
"767","405","4th Floor","10","Main"
"768","406","4th Floor","10","Main"
"769","407","4th Floor","10","Main"
"770","408","4th Floor","10","Main"
"771","409","4th Floor","10","Main"
"772","410","4th Floor","10","Main"
"773","411","4th Floor","10","Main"
"774","412","4th Floor","10","Main"
"775","413","4th Floor","10","Main"
"776","414","4th Floor","10","Main"
"777","415","4th Floor","10","Main"
"778","416","4th Floor","10","Main"
"779","417","4th Floor","10","Main"
"780","418","4th Floor","10","Main"
"781","419","4th Floor","10","Main"
"782","420","4th Floor","10","Main"
"783","501","5th Floor","10","Main"
"784","502","5th Floor","10","Main"
"785","503","5th Floor","10","Main"
"786","504","5th Floor","10","Main"
"787","505","5th Floor","10","Main"
"788","506","5th Floor","10","Main"
"789","507","5th Floor","10","Main"
"790","508","5th Floor","10","Main"
"791","509","5th Floor","10","Main"
"792","510","5th Floor","10","Main"
"793","511","5th Floor","10","Main"
"794","512","5th Floor","10","Main"
"795","513","5th Floor","10","Main"
"796","514","5th Floor","10","Main"
"797","515","5th Floor","10","Main"
"798","516","5th Floor","10","Main"
"799","517","5th Floor","10","Main"
"800","518","5th Floor","10","Main"
"801","519","5th Floor","10","Main"
"802","520","5th Floor","10","Main"
"803","201","2nd Floor","11","Main"
"804","202","2nd Floor","11","Main"
"805","203","2nd Floor","11","Main"
"806","204","2nd Floor","11","Main"
"807","205","2nd Floor","11","Main"
"808","206","2nd Floor","11","Main"
"809","207","2nd Floor","11","Main"
"810","208","2nd Floor","11","Main"
"811","209","2nd Floor","11","Main"
"812","210","2nd Floor","11","Main"
"813","211","2nd Floor","11","Main"
"814","212","2nd Floor","11","Main"
"815","213","2nd Floor","11","Main"
"816","214","2nd Floor","11","Main"
"817","215","2nd Floor","11","Main"
"818","216","2nd Floor","11","Main"
"819","217","2nd Floor","11","Main"
"820","218","2nd Floor","11","Main"
"821","219","2nd Floor","11","Main"
"822","220","2nd Floor","11","Main"
"823","301","3rd Floor","11","Main"
"824","302","3rd Floor","11","Main"
"825","303","3rd Floor","11","Main"
"826","304","3rd Floor","11","Main"
"827","305","3rd Floor","11","Main"
"828","306","3rd Floor","11","Main"
"829","307","3rd Floor","11","Main"
"830","308","3rd Floor","11","Main"
"831","309","3rd Floor","11","Main"
"832","310","3rd Floor","11","Main"
"833","311","3rd Floor","11","Main"
"834","312","3rd Floor","11","Main"
"835","313","3rd Floor","11","Main"
"836","314","3rd Floor","11","Main"
"837","315","3rd Floor","11","Main"
"838","316","3rd Floor","11","Main"
"839","317","3rd Floor","11","Main"
"840","318","3rd Floor","11","Main"
"841","319","3rd Floor","11","Main"
"842","320","3rd Floor","11","Main"
"843","401","4th Floor","11","Main"
"844","402","4th Floor","11","Main"
"845","403","4th Floor","11","Main"
"846","404","4th Floor","11","Main"
"847","405","4th Floor","11","Main"
"848","406","4th Floor","11","Main"
"849","407","4th Floor","11","Main"
"850","408","4th Floor","11","Main"
"851","409","4th Floor","11","Main"
"852","410","4th Floor","11","Main"
"853","411","4th Floor","11","Main"
"854","412","4th Floor","11","Main"
"855","413","4th Floor","11","Main"
"856","414","4th Floor","11","Main"
"857","415","4th Floor","11","Main"
"858","416","4th Floor","11","Main"
"859","417","4th Floor","11","Main"
"860","418","4th Floor","11","Main"
"861","419","4th Floor","11","Main"
"862","420","4th Floor","11","Main"
"863","501","5th Floor","11","Main"
"864","502","5th Floor","11","Main"
"865","503","5th Floor","11","Main"
"866","504","5th Floor","11","Main"
"867","505","5th Floor","11","Main"
"868","506","5th Floor","11","Main"
"869","507","5th Floor","11","Main"
"870","508","5th Floor","11","Main"
"871","509","5th Floor","11","Main"
"872","510","5th Floor","11","Main"
"873","511","5th Floor","11","Main"
"874","512","5th Floor","11","Main"
"875","513","5th Floor","11","Main"
"876","514","5th Floor","11","Main"
"877","515","5th Floor","11","Main"
"878","516","5th Floor","11","Main"
"879","517","5th Floor","11","Main"
"880","518","5th Floor","11","Main"
"881","519","5th Floor","11","Main"
"882","520","5th Floor","11","Main"
"883","201","2nd Floor","12","Main"
"884","202","2nd Floor","12","Main"
"885","203","2nd Floor","12","Main"
"886","204","2nd Floor","12","Main"
"887","205","2nd Floor","12","Main"
"888","206","2nd Floor","12","Main"
"889","207","2nd Floor","12","Main"
"890","208","2nd Floor","12","Main"
"891","209","2nd Floor","12","Main"
"892","210","2nd Floor","12","Main"
"893","211","2nd Floor","12","Main"
"894","212","2nd Floor","12","Main"
"895","213","2nd Floor","12","Main"
"896","214","2nd Floor","12","Main"
"897","215","2nd Floor","12","Main"
"898","216","2nd Floor","12","Main"
"899","217","2nd Floor","12","Main"
"900","218","2nd Floor","12","Main"
"901","219","2nd Floor","12","Main"
"902","220","2nd Floor","12","Main"
"903","301","3rd Floor","12","Main"
"904","302","3rd Floor","12","Main"
"905","303","3rd Floor","12","Main"
"906","304","3rd Floor","12","Main"
"907","305","3rd Floor","12","Main"
"908","306","3rd Floor","12","Main"
"909","307","3rd Floor","12","Main"
"910","308","3rd Floor","12","Main"
"911","309","3rd Floor","12","Main"
"912","310","3rd Floor","12","Main"
"913","311","3rd Floor","12","Main"
"914","312","3rd Floor","12","Main"
"915","313","3rd Floor","12","Main"
"916","314","3rd Floor","12","Main"
"917","315","3rd Floor","12","Main"
"918","316","3rd Floor","12","Main"
"919","317","3rd Floor","12","Main"
"920","318","3rd Floor","12","Main"
"921","319","3rd Floor","12","Main"
"922","320","3rd Floor","12","Main"
"923","401","4th Floor","12","Main"
"924","402","4th Floor","12","Main"
"925","403","4th Floor","12","Main"
"926","404","4th Floor","12","Main"
"927","405","4th Floor","12","Main"
"928","406","4th Floor","12","Main"
"929","407","4th Floor","12","Main"
"930","408","4th Floor","12","Main"
"931","409","4th Floor","12","Main"
"932","410","4th Floor","12","Main"
"933","411","4th Floor","12","Main"
"934","412","4th Floor","12","Main"
"935","413","4th Floor","12","Main"
"936","414","4th Floor","12","Main"
"937","415","4th Floor","12","Main"
"938","416","4th Floor","12","Main"
"939","417","4th Floor","12","Main"
"940","418","4th Floor","12","Main"
"941","419","4th Floor","12","Main"
"942","420","4th Floor","12","Main"
"943","501","5th Floor","12","Main"
"944","502","5th Floor","12","Main"
"945","503","5th Floor","12","Main"
"946","504","5th Floor","12","Main"
"947","505","5th Floor","12","Main"
"948","506","5th Floor","12","Main"
"949","507","5th Floor","12","Main"
"950","508","5th Floor","12","Main"
"951","509","5th Floor","12","Main"
"952","510","5th Floor","12","Main"
"953","511","5th Floor","12","Main"
"954","512","5th Floor","12","Main"
"955","513","5th Floor","12","Main"
"956","514","5th Floor","12","Main"
"957","515","5th Floor","12","Main"
"958","516","5th Floor","12","Main"
"959","517","5th Floor","12","Main"
"960","518","5th Floor","12","Main"
"961","519","5th Floor","12","Main"
"962","520","5th Floor","12","Main"
