"id","student_number","first_name","middle_name","last_name","department_id","branch","admission_type","year_level","sex","civil_status","religion","birthday","email","contact_number","working_student","address","guardian_name","guardian_contact","primary_school","primary_year","secondary_school","secondary_year","last_school","last_school_year","referral_source","form138","good_moral","form137","birth_certificate","brgy_clearance","honorable_dismissal","transcript_of_records","certificate_of_grades","status","receipt_status","created_at"
"5","25100006","asfa","fgds","asf","1","Main","New Regular","1st","Male","Married","fghfgj","2017-03-08","skazuma025@gmail.com","09455490334","No","dfsh, dsery, dfgdsh - NCR","gfsdg hjv a","09455490334","asfasg","2011","dsgsdf","2015","dfhdfh","2019","Social Media","Submitted","Submitted","Submitted","To Be Followed","To Be Followed",NULL,NULL,NULL,"Accepted","Paid","2025-03-13 19:31:41"
"6","25100006","asfa","fgds","asf","1","Main","New Regular","1st","Male","Married","fghfgj","2017-03-08","skazuma025@gmail.com","09455490334","No","dfsh, dsery, dfgdsh - NCR","gfsdg hjv a","09455490334","asfasg","2011","dsgsdf","2015","dfhdfh","2019","Social Media","Submitted","Submitted","Submitted","To Be Followed","To Be Followed",NULL,NULL,NULL,"Accepted","Paid","2025-03-14 09:41:47"
"7","25100006","asfa","fgds","asf","1","Main","New Regular","1st","Male","Married","fghfgj","2017-03-08","skazuma025@gmail.com","09455490334","No","dfsh, dsery, dfgdsh - NCR","gfsdg hjv a","09455490334","asfasg","2011","dsgsdf","2015","dfhdfh","2019","Social Media","Submitted","Submitted","Submitted","To Be Followed","To Be Followed",NULL,NULL,NULL,"Accepted","Paid","2025-03-14 11:01:04"
"8","25100006","asfa","fgds","asf","1","Main","New Regular","1st","Male","Married","fghfgj","2017-03-08","skazuma025@gmail.com","09455490334","No","dfsh, dsery, dfgdsh - NCR","gfsdg hjv a","09455490334","asfasg","2011","dsgsdf","2015","dfhdfh","2019","Social Media","Submitted","Submitted","Submitted","To Be Followed","To Be Followed",NULL,NULL,NULL,"Accepted","Paid","2025-03-14 13:30:29"
"9","25100006","asfa","fgds","asf","1","Main","New Regular","1st","Male","Married","fghfgj","2017-03-08","skazuma025@gmail.com","09455490334","No","dfsh, dsery, dfgdsh - NCR","gfsdg hjv a","09455490334","asfasg","2011","dsgsdf","2015","dfhdfh","2019","Social Media","Submitted","Submitted","Submitted","To Be Followed","To Be Followed",NULL,NULL,NULL,"Accepted","Paid","2025-03-14 14:19:36"
"10","25100002","Ethan","Oliver","Brown","1","Main","Transferee","2nd","Male","Single","Christianity","2004-11-14","ethan.brown@example.com","09123456708","Yes","258 Main Drive, City","Brown","09123456789","DEF Elementary","2016","XYZ High School","2022","RST College","2023","Referral","To Be Followed","To Be Followed","To Be Followed","To Be Followed","To Be Followed","To Be Followed","To Be Followed","To Be Followed","Accepted","Paid","2025-03-15 18:48:42"
"11","25100004","Emily","Rose","Williams","3","Bulacan","New Regular","1st","Female","Single","Christianity","2005-11-05","emily.williams@example.com","09123456703","No","321 Bulacan Road, Bulacan","Williams","09123456789","GHI Elementary","2017","JKL High School","2023","JKL College","2024","Friend","Submitted","To Be Followed","Submitted","To Be Followed","To Be Followed","To Be Followed","To Be Followed","To Be Followed","Accepted","Paid","2025-03-15 22:06:39"
"12","25100003","Olivia","Grace","Martinez","2","Bulacan","New Regular","1st","Female","Single","Christianity","2005-04-30","olivia.martinez@example.com","09123456707","No","987 Bulacan Street, Bulacan","Martinez","09123456789","PQR Elementary","2016","UVW High School","2022","UVW University","2023","Friend","Submitted","Submitted","To Be Followed","To Be Followed","To Be Followed","To Be Followed","To Be Followed","To Be Followed","Accepted","Paid","2025-03-15 22:06:47"
"13","25100005","habdul","himud","hadhad","1","Main","New Regular","1st","Female","Single","catholic","2016-09-02","vincee76@gmail.com","09595665656","No","blk 1 lot 23 sunriser square llano rd baranggay 167, 167, caloocan city - NCR","habdul habdul gagaskkl","09515321155","aadasyfykjb","2017","hgchgcjhvnkj","2019","kjuhui","2022","Refferal","Submitted","To Be Followed","To Be Followed","To Be Followed","To Be Followed","To Be Followed","To Be Followed","To Be Followed","Accepted","Paid","2025-03-16 02:13:52"
"14","25100001","Isabella","Charlotte","Taylor","1","Bulacan","New Regular","1st","Female","Single","Christianity","2006-02-02","isabella.taylor@example.com","09123456709","No","369 Bulacan Road, Bulacan","Taylor","09123456789","XYZ Elementary","2018","JKL High School","2024","JKL College","2025","Referral","Submitted","Submitted","To Be Followed","To Be Followed","To Be Followed","To Be Followed","To Be Followed","To Be Followed","Accepted","Paid","2025-03-16 02:17:17"
"15","25100015","Camila","Ximena","Rivera","2","Bulacan","Transferee","2nd","Female","Single","Protestant","2001-07-10","camila.rivera@example.com","09678901234","Yes","789 Bulacan Road, Bulacan","Guardian Rivera","09789012345","Primary School Y4","2015","Secondary School Z4","2019","Bulacan State College","2020","Relative","To Be Followed","Submitted","To Be Followed","To Be Followed","Submitted","To Be Followed","Submitted","Submitted","Accepted","Paid","2025-03-18 04:34:56"
"16","25100014","Daniela","Natalia","Rodriguez","2","Bulacan","Transferee","2nd","Female","Single","Protestant","2001-06-25","daniela.rodriguez@example.com","09012345678","Yes","456 Bulacan Road, Bulacan","Guardian Rodriguez","09123456789","Primary School M4","2015","Secondary School N4","2019","Bulacan State College","2020","Relative","To Be Followed","Submitted","To Be Followed","To Be Followed","To Be Followed","Submitted","Submitted","Submitted","Accepted","Paid","2025-03-18 04:35:03"
"17","25100013","Valentina","Daniela","Garcia","1","Bulacan","Freshmen","1st","Female","Single","Protestant","2003-12-01","valentina.garcia@example.com","09234567890","Yes","654 Quezon Road, Quezon","Guardian Garcia","09345678901","Primary School Q4","2017","Secondary School R4","2021","Quezon National School","2022","Social Media","Submitted","Submitted","Submitted","To Be Followed","To Be Followed","To Be Followed","To Be Followed","To Be Followed","Accepted","Paid","2025-03-18 04:35:10"
"18","25100012","Sofia","Camila","Morales","1","Bulacan","Freshmen","1st","Female","Single","Protestant","2003-04-25","sofia.morales@example.com","09890123456","Yes","654 Quezon Road, Quezon","Guardian Morales","09901234567","Primary School C5","2017","Secondary School D5","2021","Quezon National School","2022","Social Media","Submitted","Submitted","To Be Followed","To Be Followed","To Be Followed","To Be Followed","To Be Followed","To Be Followed","Accepted","Paid","2025-03-18 04:35:26"
"19","25100011","Chris","Alan","Davis","1","Main","Transferee","3rd","Male","Married","Christianity","2003-03-20","chris.davis@example.com","09123456704","Yes","159 Main Blvd, City","Davis","09123456789","XYZ Elementary","2015","PQR High School","2021","STU University","2023","Referral","To Be Followed","To Be Followed","To Be Followed","To Be Followed","Submitted","Submitted","Submitted","Submitted","Accepted","Paid","2025-03-18 04:35:32"
"20","25100010","David","Henry","Garcia","3","Main","Freshmen","1st","Male","Single","Christianity","2005-07-25","david.garcia@example.com","09123456706","No","654 Main Parkway, City","Garcia","09123456789","MNO Elementary","2017","RST High School","2023","RST University","2024","Social Media","Submitted","Submitted","Submitted","To Be Followed","To Be Followed","To Be Followed","To Be Followed","To Be Followed","Accepted","Paid","2025-03-18 04:35:37"
"21","25100009","John","Michael","Doe","1","Main","Freshmen","1st","Male","Single","Christianity","2005-05-15","john.doe@example.com","09123456700","No","123 Main Street, City","Doe","09123456789","ABC Elementary","2017","XYZ High School","2023","XYZ University","2024","Social Media","Submitted","Submitted","Submitted","To Be Followed","To Be Followed","To Be Followed","To Be Followed","To Be Followed","Accepted","Paid","2025-03-18 04:35:42"
"22","25100008","Sophia","Elizabeth","Miller","2","Bulacan","Freshmen","1st","Female","Single","Christianity","2006-09-13","sophia.miller@example.com","09123456705","No","135 Bulacan Lane, Bulacan","Miller","09123456789","JKL Elementary","2018","MNO High School","2024","MNO College","2025","Social Media","Submitted","Submitted","Submitted","To Be Followed","To Be Followed","To Be Followed","To Be Followed","To Be Followed","Accepted","Paid","2025-03-18 04:35:47"
"23","25100007","Jane","Marie","Smith","2","Bulacan","Transferee","2nd","Female","Single","Christianity","2004-08-22","jane.smith@example.com","09123456701","Yes","456 Bulacan St, Bulacan","Smith","09123456789","ABC Elementary","2016","DEF High School","2022","LMN College","2023","Referral","To Be Followed","To Be Followed","To Be Followed","To Be Followed","To Be Followed","Submitted","Submitted","To Be Followed","Accepted","Paid","2025-03-18 04:35:53"
"24","25100006","Michael","James","Johnson","1","Main","Freshmen","1st","Male","Single","Christianity","2006-01-10","michael.johnson@example.com","09123456702","No","789 Main Avenue, City","Johnson","09123456789","DEF Elementary","2018","UVW High School","2024","PQR University","2025","Social Media","Submitted","Submitted","Submitted","To Be Followed","To Be Followed","To Be Followed","To Be Followed","To Be Followed","Accepted","Paid","2025-03-18 04:35:58"
"25","25100023","Valeria","Catalina","Sanchez","2","Bulacan","Transferee","2nd","Female","Single","Protestant","2001-05-10","valeria.sanchez@example.com","09456789012","Yes","987 Bulacan Road, Bulacan","Guardian Sanchez","09567890123","Primary School A4","2015","Secondary School B4","2019","Bulacan State College","2020","Relative","To Be Followed","To Be Followed","To Be Followed","To Be Followed","To Be Followed","Submitted","Submitted","Submitted","Accepted","Paid","2025-03-18 05:28:18"
"26","25100022","Elena","Sofia","Martinez","1","Bulacan","Freshmen","1st","Female","Single","Protestant","2003-10-25","elena.martinez@example.com","09012345678","Yes","987 Quezon Road, Quezon","Guardian Martinez","09123456789","Primary School S3","2017","Secondary School T3","2021","Quezon National School","2022","Social Media","Submitted","Submitted","Submitted","To Be Followed","To Be Followed","To Be Followed","To Be Followed","To Be Followed","Accepted","Paid","2025-03-18 05:28:19"
"27","25100021","Alfonso","Rafael","Gomez","1","Main","Freshmen","1st","Male","Single","Roman Catholic","2004-06-20","alfonso.gomez@example.com","09345678901","No","321 Manila Street, Manila","Guardian Name","09123456789","Primary School Y3","2016","Secondary School Z3","2020","Manila Central High School","2021","Social Media","To Be Followed","Submitted","Submitted","To Be Followed","To Be Followed","To Be Followed","To Be Followed","To Be Followed","Accepted","Paid","2025-03-18 05:28:21"
"28","25100020","Gabriel","Hugo","Lopez","2","Main","Transferee","2nd","Male","Single","Roman Catholic","2002-08-15","gabriel.lopez@example.com","09789012345","No","654 Pasig Street, Pasig","Guardian Name","09123456789","Primary School G4","2016","Secondary School H4","2020","Pasig City High School","2021","Relative","To Be Followed","To Be Followed","To Be Followed","To Be Followed","To Be Followed","Submitted","Submitted","Submitted","Accepted","Paid","2025-03-18 05:28:23"
"29","25100017","Santiago","Gabriel","Martinez","1","Main","Freshmen","1st","Male","Single","Roman Catholic","2004-07-10","santiago.martinez@example.com","09901234567","No","987 Manila Street, Manila","asfag","09789012345","Primary School K4","2016","Secondary School L4","2020","Manila Central High School","2021","Social Media","Submitted","Submitted","Submitted","To Be Followed","To Be Followed","To Be Followed","To Be Followed","To Be Followed","Accepted","Paid","2025-03-18 05:28:27"
"30","25100016","Leonardo","Mateo","Cruz","1","Main","Freshmen","1st","Male","Single","Roman Catholic","2004-02-20","leonardo.cruz@example.com","09567890123","No","456 Manila Street, Manila","rgdfhdf","09789012345","Primary School W4","2016","Secondary School X4","2020","Manila Central High School","2021","Social Media","Submitted","Submitted","To Be Followed","To Be Followed","To Be Followed","To Be Followed","To Be Followed","To Be Followed","Accepted","Paid","2025-03-18 05:28:29"
"31","25100018","Lucia","Valeria","Morales","1","Bulacan","Freshmen","1st","Female","Single","Protestant","2003-11-01","lucia.morales@example.com","09678901234","Yes","789 Quezon Road, Quezon","Guardian Morales","09789012345","Primary School E4","2017","Secondary School F4","2021","Quezon National School","2022","Social Media","Submitted","Submitted","Submitted","To Be Followed","To Be Followed","To Be Followed","To Be Followed","To Be Followed","Accepted","Paid","2025-03-18 05:28:45"
"32","25100019","Mateo","Sebastian","Diaz","2","Main","Transferee","2nd","Male","Single","Roman Catholic","2002-09-15","mateo.diaz@example.com","09345678901","No","321 Pasig Street, Pasig","sdhsdhsd","sdgsdgs","Primary School S4","2016","Secondary School T4","2020","Pasig City High School","2021","Relative","To Be Followed","To Be Followed","To Be Followed","To Be Followed","To Be Followed","Submitted","Submitted","Submitted","Accepted","Paid","2025-03-18 05:29:51"
"33","25100024","Rafael","Miguel","Rodriguez","2","Main","Transferee","2nd","Male","Single","Roman Catholic","2002-04-15","rafael.rodriguez@example.com","09123456789","No","654 Pasig Street, Pasig","Guardian Name","09123456789","Primary School U3","2016","Secondary School V3","2020","Pasig City High School","2021","Relative","To Be Followed","To Be Followed","To Be Followed","To Be Followed","To Be Followed","Submitted","To Be Followed","Submitted","Accepted","Paid","2025-03-18 15:45:29"
"34","25100025","Luis","Carlos","Torres","1","Main","Freshmen","1st","Male","Single","Roman Catholic","2004-03-15","luis.torres@example.com","09789012345","No","789 Manila Boulevard, Manila","Guardian Name","09123456789","Primary School M3","2016","Secondary School N3","2020","Manila Central High School","2021","Social Media","To Be Followed","Submitted","To Be Followed","Submitted","To Be Followed","To Be Followed","To Be Followed","To Be Followed","Accepted","Paid","2025-03-18 15:45:31"
"35","25100026","Sofia","Isabel","Diaz","2","Bulacan","Transferee","2nd","Female","Single","Protestant","2001-07-20","sofia.diaz@example.com","09890123456","Yes","456 Bulacan Road, Bulacan","Guardian Diaz","09901234567","Primary School O3","2015","Secondary School P3","2019","Bulacan State College","2020","Relative","To Be Followed","Submitted","To Be Followed","To Be Followed","To Be Followed","Submitted","To Be Followed","Submitted","Accepted","Paid","2025-03-18 15:45:32"
"36","25100027","Carlos","Pedro","Bautista","2","Main","Transferee","2nd","Male","Single","Roman Catholic","2000-06-01","carlos.bautista@example.com","09567890123","No","654 Pasig Street, Pasig","Guardian Name","09123456789","Primary School I3","2015","Secondary School J3","2019","Pasig City High School","2020","Relative","To Be Followed","To Be Followed","To Be Followed","To Be Followed","To Be Followed","Submitted","To Be Followed","Submitted","Accepted","Paid","2025-03-18 15:45:40"
"37","25100028","Ana","Marie","Reyes","1","Bulacan","Freshmen","1st","Female","Single","Protestant","2003-09-25","ana.reyes@example.com","09456789012","Yes","321 Quezon Road, Quezon","Guardian Reyes","09567890123","Primary School G3","2017","Secondary School H3","2021","Quezon National School","2022","Social Media","Submitted","To Be Followed","Submitted","To Be Followed","To Be Followed","To Be Followed","To Be Followed","To Be Followed","Accepted","Paid","2025-03-18 15:45:42"
"38","25100029","Maria","Ana","Cruz","2","Bulacan","Transferee","2nd","Female","Single","Protestant","2001-08-20","maria.cruz@example.com","09234567890","Yes","456 Bulacan Road, Bulacan","Guardian Cruz","09345678901","Primary School C3","2015","Secondary School D3","2019","Bulacan State University","2020","Relative","To Be Followed","To Be Followed","To Be Followed","To Be Followed","To Be Followed","Submitted","Submitted","Submitted","Accepted","Paid","2025-03-18 15:45:47"
"39","25100030","Juan","Miguel","Santos","1","Main","Freshmen","1st","Male","Single","Roman Catholic","2002-05-15","juan.santos@example.com","09123456789","No","123 Manila Street, Manila","Guardian Name","09123456789","Primary School A3","2016","Secondary School B3","2020","Manila High School","2021","Friend","Submitted","Submitted","To Be Followed","To Be Followed","To Be Followed","To Be Followed","To Be Followed","To Be Followed","Accepted","Paid","2025-03-18 15:45:48"
"40","25100031","Mia","Isabella","Bautista","2","Bulacan","Transferee","2nd","Female","Single","Protestant","2001-03-15","mia.bautista@example.com","09678901234","Yes","987 Rural Road, Hagonoy","Guardian Bautista","09789012345","Primary School I2","2015","Secondary School J2","2019","Hagonoy National School","2020","Relative","To Be Followed","To Be Followed","To Be Followed","To Be Followed","To Be Followed","Submitted","Submitted","Submitted","Accepted","Paid","2025-03-18 15:45:50"
"41","25100032","Ethan","Lucas","Sanchez","1","Main","Freshmen","1st","Male","Single","Roman Catholic","2003-04-20","ethan.sanchez@example.com","09567890123","No","321 Metro Street, Manila","Guardian Name","09123456789","Primary School G2","2016","Secondary School H2","2020","Manila Central High School","2021","Social Media","Submitted","Submitted","Submitted","To Be Followed","To Be Followed","To Be Followed","To Be Followed","To Be Followed","Accepted","Paid","2025-03-18 15:45:55"
"42","25100033","Jaxon","Elijah","Rivera","2","Main","Transferee","2nd","Male","Single","Roman Catholic","2002-08-10","jaxon.rivera@example.com","09345678901","No","789 Urban Avenue, Quezon City","Guardian Name","09123456789","Primary School C2","2016","Secondary School D2","2020","Quezon City High School","2021","Relative","To Be Followed","To Be Followed","To Be Followed","To Be Followed","To Be Followed","Submitted","Submitted","To Be Followed","Accepted","Paid","2025-03-18 15:45:56"
"43","25100034","Harper","Evelyn","Martinez","1","Bulacan","Freshmen","1st","Female","Single","Protestant","2004-02-28","harper.martinez@example.com","09234567890","Yes","456 Rural Highway, Plaridel","Guardian Martinez","09345678901","Primary School A2","2017","Secondary School B2","2021","Plaridel National School","2022","Social Media","Submitted","Submitted","Submitted","To Be Followed","To Be Followed","To Be Followed","To Be Followed","To Be Followed","Accepted","Paid","2025-03-18 15:45:58"
"44","25100035","Charlotte","Abigail","Gomez","2","Bulacan","Transferee","2nd","Female","Single","Protestant","2001-05-25","charlotte.gomez@example.com","09012345678","Yes","321 Provincial Road, Guiguinto","Guardian Gomez","09123456789","Primary School W1","2015","Secondary School X1","2019","Guiguinto National School","2020","Relative","To Be Followed","Submitted","To Be Followed","To Be Followed","To Be Followed","Submitted","Submitted","To Be Followed","Accepted","Paid","2025-03-18 15:46:02"
"45","25100036","Benjamin","Samuel","Cruz","1","Main","Freshmen","1st","Male","Single","Roman Catholic","2003-07-15","benjamin.cruz@example.com","09901234567","No","654 Metro Avenue, Manila","Guardian Name","09123456789","Primary School U1","2016","Secondary School V1","2020","Manila Central High School","2021","Social Media","Submitted","To Be Followed","Submitted","To Be Followed","To Be Followed","To Be Followed","To Be Followed","To Be Followed","Accepted","Paid","2025-03-18 15:46:03"
"46","25100037","Logan","William","Salvador","2","Main","Transferee","2nd","Male","Single","Roman Catholic","2002-06-05","logan.salvador@example.com","09789012345","No","456 Urban Road, Quezon City","Guardian Name","09123456789","Primary School Q1","2016","Secondary School R1","2020","Quezon City University","2021","Relative","To Be Followed","To Be Followed","To Be Followed","To Be Followed","Submitted","Submitted","To Be Followed","Submitted","Accepted","Paid","2025-03-18 15:46:05"
"47","25100038","Olivia","Isabella","Navarro","1","Bulacan","Freshmen","1st","Female","Single","Protestant","2004-01-10","olivia.navarro@example.com","09678901234","Yes","987 Provincial Highway, Baliwag","Guardian Navarro","09789012345","Primary School O1","2017","Secondary School P1","2021","Baliwag National School","2022","Social Media","Submitted","To Be Followed","To Be Followed","To Be Followed","To Be Followed","To Be Followed","To Be Followed","To Be Followed","Accepted","Paid","2025-03-21 03:23:42"
"48","25100039","Sophia","Grace","Ramos","2","Bulacan","Transferee","2nd","Female","Single","Protestant","2001-04-30","sophia.ramos@example.com","09456789012","Yes","654 Rural Road, Plaridel","Guardian Ramos","09567890123","Primary School K1","2015","Secondary School L1","2019","Bulacan State College","2020","Relative","To Be Followed","To Be Followed","To Be Followed","To Be Followed","To Be Followed","Submitted","Submitted","Submitted","Accepted","Paid","2025-03-22 07:57:46"
